{
"Changes": [

	{
	//NO SVE
   "Action": "EditData",
   "Target": "Data/Festivals/spring13",
   "When": { "HasMod: |contains=FlashShifter.StardewValleyExpandedCP": false },
   "TextOperations": [
   
   //SetUp
		{
         "Operation": "Append",
         "Target": ["Entries", "Set-Up_additionalCharacters"],
         "Value": "Aguar 38 84 up/Alissa 29 54 left/Bert 27 53 down/Corine 34 79 left/Ezekiel 36 71 left/Flor 26 57 down/Freddie 33 72 up/Ian 16 52 down/Jeric 32 76 down/Jio 52 59 left/Keahi 12 59 left/Kenneth 20 74 right/Kiwi 51 62 down/Lenny 24 69 right/Lola 32 72 up/Maddie 31 78 right/Olga 26 53 down/Philip 18 78 right/Pika 30 57 down/Richard 34 74 up/Shiro 19 79 up/Trinnie 10 59 right/Ysabelle 32 79 right/Yuuma 20 79 up",
         "Delimiter": "/"
		},

   //MainEevent
		{
         "Operation": "Append",
         "Target": ["Entries", "MainEvent_additionalCharacters"],
         "Value": "Aguar 38 84 up/Alissa 29 55 down/Bert 27 54 down/Corine 34 79 left/Ezekiel 36 71 left/Flor 26 57 down/Freddie 33 72 up/Ian 16 52 down/Jeric 32 76 down/Jio 52 59 left/Keahi 12 59 right/Kenneth 20 74 right/Kiwi 51 62 down/Lenny 24 69 right/Lola 32 72 up/Maddie 31 78 right/Olga 26 54 down/Philip 18 78 right/Pika 30 57 down/Richard 34 74 up/Shiro 19 79 up/Trinnie 12 60 right/Ysabelle 32 79 down/Yuuma 20 79 up",
         "Delimiter": "/"
		},

	]	
	},
	
	{
	//WITH SVE
   "Action": "EditData",
   "Target": "Data/Festivals/spring13",
   "When": { "HasMod: |contains=FlashShifter.StardewValleyExpandedCP": true },
   "TextOperations": [
   
   //SetUp
		{
         "Operation": "Append",
         "Target": ["Entries", "Set-Up_additionalCharacters"],
         "Value": "Aguar 38 84 up/Alissa 29 55 left/Bert 27 54 down/Corine 34 79 left/Ezekiel 36 71 left/Flor 26 57 down/Freddie 33 72 up/Ian 16 52 down/Jeric 32 76 down/Jio 94 45 down/Keahi 12 59 left/Kenneth 20 74 right/Kiwi 95 45 down/Lenny 24 69 right/Lola 32 72 up/Maddie 31 78 right/Olga 26 54 down/Philip 18 78 right/Pika 30 57 down/Richard 34 74 up/Shiro 19 79 up/Trinnie 10 59 right/Ysabelle 32 79 right/Yuuma 20 79 up",
         "Delimiter": "/"
		},
	
   //MainEevent
		{
         "Operation": "Append",
         "Target": ["Entries", "MainEvent_additionalCharacters"],
         "Value": "Aguar 38 84 up/Alissa 29 55 down/Bert 27 54 down/Corine 34 79 left/Ezekiel 36 71 left/Flor 26 57 down/Freddie 33 72 up/Ian 16 52 down/Jeric 32 76 down/Jio 94 45 down/Keahi 12 59 right/Kenneth 20 74 right/Kiwi 95 45 downLenny 24 69 right/Lola 32 72 up/Maddie 31 78 right/Olga 26 54 down/Philip 18 78 right/Pika 30 57 down/Richard 34 74 up/Shiro 19 79 up/Trinnie 12 60 right/Ysabelle 32 79 down/Yuuma 20 79 up",
         "Delimiter": "/"
		},

	]	
	},
	
]
}
