{
  "spouseRooms": [
	{
      "name": "Alissa",
	  "file": "RoomAlissa.tmx",
    },
	{
      "name": "Corine",
	  "file": "RoomCorine.tmx",
    },
	{
      "name": "Flor",
	  "file": "RoomFlor.tmx",
    },
	{
      "name": "Maddie",
	  "file": "RoomMaddie.tmx",
    },
	{
      "name": "Ysabelle",
	  "file": "RoomYsabelle.tmx",
    },
	{
      "name": "Ian",
	  "file": "RoomIan.tmx",
    },
	{
      "name": "Jeric",
	  "file": "RoomJeric.tmx",
    },
	{
      "name": "Kenneth",
	  "file": "RoomKenneth.tmx",
    },
	{
      "name": "Philip",
	  "file": "RoomPhilip.tmx",
    },
	{
      "name": "Shiro",
	  "file": "RoomShiro.tmx",
    },
  ]
}