{
  "Shops": [
  
	//------------
	//JericShop   
	//------------
	{
	"ShopName": "RSVJericShop",
	"StoreCurrency": "Money",
	"CategoriesToSell": [ -19,-74 ],
	"PortraitPath": "assets/JericShop.png",
	"Quote": "Hey! How can I help you?",
	"LocalizedQuote": { "en": "Hey! How can I help you?" },
	"ShopPrice": -1,
	"MaxNumItemsSoldInStore": 3,
	"DefaultSellPriceMultiplier": 0.7,
	"PriceMultiplierWhen": {
		"0.6": ["f Jeric 2000"] 
		},
	"When": ["t 900 2000"],
	
	"ItemStocks": [
		//Spring Jeric less than 8 hearts
		{
			"ItemType": "Object",
			"ItemNames": [
				"Cauliflower Seeds",
				"Garlic Seeds",
				"Bean Starter",
				"Parsnip Seeds",
				],
			"Stock": 6,
			"When": [ "!z spring" ] 
		},
		//Spring Jeric 8 hearts
		{
			"ItemType": "Object",
			"ItemNames": [
				"Strawberry Seeds",
				],
			"Stock": 6,
			"StockPrice": 100,
			"When": [ "f Jeric 1500/!z spring" ] 
		},
		//Summer
		{
			"ItemType": "Object",
			"ItemNames": [
				"Corn Seeds",
				"Pepper Seeds",
				"Melon Starter",
				"Red Cabbage Seeds",
				"Tomato Seeds",
				],
			"Stock": 6,
			"When": [ "!z summer" ] 
		},
		//Summer Jeric 8 hearts
		{
			"ItemType": "Object",
			"ItemNames": [
				"Red Cabbage Seeds",
				],
			"Stock": 6,
			"StockPrice": 100,
			"When": [ "f Jeric 1500/!z summer" ] 
		},
		//Fall
		{
			"ItemType": "Object",
			"ItemNames": [
				"Yam Seeds",
				"Bok Choy Seeds",
				"Eggplant Starter",
				"Pumpkin Seeds",
				],
			"Stock": 6,
			"When": [ "!z fall" ] 
		},
		//Winter
		{
			"ItemType": "Object",
			"ItemNames": [
				"Mixed Seeds",
				],
			"Stock": 6,
			"StockPrice": 100,
			"When": [ "!z winter" ] 
		},
	],
	},
	
	//------------
	//PikaShop    
	//------------
	{
	"ShopName": "RSVPikaShop",
	"StoreCurrency": "Money",
	"CategoriesToSell": [ -7 ],
	"PortraitPath": "assets/PikaShop.png",
	"Quote": "Welcome to Pika's!",
	"LocalizedQuote": { "en": "Welcome to Pika's!" },
	"ShopPrice": -1,
	"MaxNumItemsSoldInStore": 5,
	"DefaultSellPriceMultiplier": 0.7,
	"PriceMultiplierWhen": {
		"0.6": ["f Pika 2000"] 
		},
	"When": ["t 930 2300/w sunny"],
	
	"ItemStocks": [
		//Food
		{
			"ItemType": "Object",
			"ItemNames": [
				"Ridgeside Shaketini",
				"Autumn Dew Drop Juice",
				"Cherry Berry Shakey",
				"Snowball Slurpee",
				"Omelet",
				"Arugula Roll",
				"Fried Fish a la Ridge",
				"Fried Mountain Greens",
				"Highland Ice Cream",
				"Honey Glazed Salad",
				"Ridge Fruity Plate",
				"Snow Bowl Surprise",
				"Zesty Tuna",
				"Spaghetti",
				"Lucky Lunch",
				"Pumpkin Soup",
				"Blackberry Cobbler",
				"Salad",
				"Pepper Poppers",
				"Bean Hotpot",
				"Tom Kha Soup",
				"Stir Fry",
				"Coleslaw",
				"Fish Taco",
				"Farmer's Lunch",
				],
			"Stock": 1,
		},
	],
	},

	//------------
	//LolaShop    
	//------------
	{
	"ShopName": "RSVLolaShop",
	"StoreCurrency": "Money",
	"CategoriesToSell": [ -7,-98 ],
	"PortraitPath": "assets/LolaShop.png",
	"Quote": "How can I help you, dear?",
	"LocalizedQuote": { "en": "How can I help you, dear?" },
	"ShopPrice": -1,
	"DefaultSellPriceMultiplier": 1.0,
	"When": ["t 600 2600"],
	
	"ItemStocks": [
		//Bars
		{
			"ItemType": "Object",
			"ItemNames": [
				"Copper Bar",
				"Iron Bar",
				"Gold Bar",
				],
			"Stock": 100,
		},
		//Weapons
		{
			"ItemType": "Weapon",
			"ItemNames": [
				"Lava Katana",
				"Steel Falchion",
				"Bone Sword",
				"Obsidian Edge",
				"Templar's Blade",
				"The Slammer",
				],
			"Stock": 1,
		},
	],
	},
	
	//------------      
	//Mystic Falls 1    
	//------------      
	{
	"ShopName": "RSVMysticFalls1",
	"StoreCurrency": "Money",
	"CategoriesToSell": [ -98 ],
	"Quote": "Mystic Falls of Companions: 'Those who bond with their neighbors and share their joy and sorrow are blessed by Yoba.'",
	"LocalizedQuote": { "en": "Mystic Falls of Companions: 'Those who bond with their neighbors and share their joy and sorrow are blessed by Yoba.'" },
	"ShopPrice": 0,
	
	"ItemStocks": [
		//Weapons
		{
			"ItemType": "Weapon",
			"ItemNames": [ "Bubble Club", ],
			"StockItemCurrency": "Spiritual Essence",
			"StockCurrencyStack": 50,
			"When": [ "e 75160064/f Aguar 2500" ],
		},
		{
			"ItemType": "Weapon",
			"ItemNames": [ "Bladebane", ],
			"StockItemCurrency": "Spiritual Essence",
			"StockCurrencyStack": 50,
			"When": [ "e 75160077/f Freddie 2500" ],
		},
		{
			"ItemType": "Weapon",
			"ItemNames": [ "Daggerkin", ],
			"StockItemCurrency": "Spiritual Essence",
			"StockCurrencyStack": 50,
			"When": [ "e 75160093/f Lola 2500" ],
		},
		{
			"ItemType": "Weapon",
			"ItemNames": [ "Father's Sorrow", ],
			"StockItemCurrency": "Spiritual Essence",
			"StockCurrencyStack": 50,
			"When": [ "e 75160073/f Ezekiel 2500" ],
		},
		{
			"ItemType": "Weapon",
			"ItemNames": [ "Golden Key Blade", ],
			"StockItemCurrency": "Spiritual Essence",
			"StockCurrencyStack": 50,
			"When": [ "e 75160105/f Richard 2500" ],
		},
		{
			"ItemType": "Weapon",
			"ItemNames": [ "Gourmet Cooking Knife", ],
			"StockItemCurrency": "Spiritual Essence",
			"StockCurrencyStack": 50,
			"When": [ "e 75160101/f Pika 2500" ],
		},
		{
			"ItemType": "Weapon",
			"ItemNames": [ "Princess of Green", ],
			"StockItemCurrency": "Spiritual Essence",
			"StockCurrencyStack": 50,
			"When": [ "e 75160109/f Trinnie 2500" ],
		},
		{
			"ItemType": "Weapon",
			"ItemNames": [ "The Green Gambler", ],
			"StockItemCurrency": "Spiritual Essence",
			"StockCurrencyStack": 50,
			"When": [ "f Bert 2500" ],
		},
		{
			"ItemType": "Weapon",
			"ItemNames": [ "The Prankster", ],
			"StockItemCurrency": "Spiritual Essence",
			"StockCurrencyStack": 50,
			"When": [ "e 75160085/f Keahi 2500" ],
		},
		{
			"ItemType": "Weapon",
			"ItemNames": [ "The Silent One", ],
			"StockItemCurrency": "Spiritual Essence",
			"StockCurrencyStack": 50,
			"When": [ "e 75160113/f Yuuma 2500" ],
		},
		{
			"ItemType": "Weapon",
			"ItemNames": [ "The Wild Whip", ],
			"StockItemCurrency": "Spiritual Essence",
			"StockCurrencyStack": 50,
			"When": [ "e 75160089/f Lenny 2500" ],
		},
		{
			"ItemType": "Weapon",
			"ItemNames": [ "Tough Love", ],
			"StockItemCurrency": "Spiritual Essence",
			"StockCurrencyStack": 50,
			"When": [ "e 75160097/f Olga 2500" ],
		},
	],
	},
	
	//------------      
	//Mystic Falls 2    
	//------------      
	{
	"ShopName": "RSVMysticFalls2",
	"StoreCurrency": "Money",
	"CategoriesToSell": [ -98 ],
	"Quote": "Mystic Falls of Love: 'Being able to capture the heart of someone is both a blessing and a curse. But in the presence of these waterfalls, love prefers to be a blessing.'",
	"LocalizedQuote": { "en": "Mystic Falls of Love: 'Being able to capture the heart of someone is both a blessing and a curse. But in the presence of these waterfalls, love prefers to be a blessing.'" },
	"ShopPrice": 0,
	
	"ItemStocks": [
		//Weapons
		{
			"ItemType": "Weapon",
			"ItemNames": [ "Battle Dancer's Fan", ],
			"StockItemCurrency": "Spiritual Essence",
			"StockCurrencyStack": 50,
			"When": [ "e 75160145" ],
		},
		{
			"ItemType": "Weapon",
			"ItemNames": [ "Battery-Powered Battle Hammer", ],
			"StockItemCurrency": "Spiritual Essence",
			"StockCurrencyStack": 50,
			"When": [ "e 75160161" ],
		},
		{
			"ItemType": "Weapon",
			"ItemNames": [ "Heartbreaker", ],
			"StockItemCurrency": "Spiritual Essence",
			"StockCurrencyStack": 50,
			"When": [ "e 75160139" ],
		},
		{
			"ItemType": "Weapon",
			"ItemNames": [ "Icreon", ],
			"StockItemCurrency": "Spiritual Essence",
			"StockCurrencyStack": 50,
			"When": [ "e 75160127" ],
		},
		{
			"ItemType": "Weapon",
			"ItemNames": [ "Laborforce", ],
			"StockItemCurrency": "Spiritual Essence",
			"StockCurrencyStack": 50,
			"When": [ "e 75160150" ],
		},
		{
			"ItemType": "Weapon",
			"ItemNames": [ "Observer's Axe", ],
			"StockItemCurrency": "Spiritual Essence",
			"StockCurrencyStack": 50,
			"When": [ "e 75160133" ],
		},
		{
			"ItemType": "Weapon",
			"ItemNames": [ "Sword of Idols", ],
			"StockItemCurrency": "Spiritual Essence",
			"StockCurrencyStack": 50,
			"When": [ "e 75160167" ],
		},
		{
			"ItemType": "Weapon",
			"ItemNames": [ "The Lucky Penny", ],
			"StockItemCurrency": "Spiritual Essence",
			"StockCurrencyStack": 50,
			"When": [ "e 75160155" ],
		},
		{
			"ItemType": "Weapon",
			"ItemNames": [ "The Singing Dagger", ],
			"StockItemCurrency": "Spiritual Essence",
			"StockCurrencyStack": 50,
			"When": [ "e 75160121" ],
		},
		{
			"ItemType": "Weapon",
			"ItemNames": [ "The Unbroken", ],
			"StockItemCurrency": "Spiritual Essence",
			"StockCurrencyStack": 50,
			"When": [ "e 75160172" ],
		},
	],
	},
	
	//------------      
	//Mystic Falls 3    
	//------------      
	{
	"ShopName": "RSVMysticFalls3",
	"StoreCurrency": "Money",
	"CategoriesToSell": [ -98, -95 ],
	"Quote": "Mystic Falls of Sacrifice: 'Among the heaviest of burdens are those carried by those who fight for the greater good.'",
	"LocalizedQuote": { "en": "Mystic Falls of Sacrifice: 'Among the heaviest of burdens are those carried by those who fight for the greater good.'" },
	"ShopPrice": 0,
	
	"ItemStocks": [
		//Weapons
		{
			"ItemType": "Weapon",
			"ItemNames": [ "Cute but Deadly Knife", ],
			"StockItemCurrency": "Spiritual Essence",
			"StockCurrencyStack": 50,
			"When": [ "e 75160180/f Kiwi 2500" ],
		},
		{
			"ItemType": "Weapon",
			"ItemNames": [ "Occult Blade", ],
			"StockItemCurrency": "Spiritual Essence",
			"StockCurrencyStack": 50,
			"When": [ "e 75160081/f Jio 2500" ],
		},
	],
	},
	
	//------------      
	//RSVFestPika   
	//------------      
	{
	"ShopName": "RSVFestPika",
	"StoreCurrency": "Money",
	"CategoriesToSell": [ -7 ],
	"Quote": "Welcome to Gus and Pika's!",
	"LocalizedQuote": { "en": "Welcome to Gus and Pika's!" },
	"DefaultSellPriceMultiplier": 0.8,
	"MaxNumItemsSoldInStore": 20,
	"ShopPrice": -1,
	
	"ItemStocks": [
		{
			"ItemType": "Object",
			"ItemNames": [
				"Ridgeside Shaketini",
				"Autumn Dew Drop Juice",
				"Cherry Berry Shakey",
				"Snowball Slurpee",
				"Omelet",
				"Arugula Roll",
				"Fried Fish a la Ridge",
				"Fried Mountain Greens",
				"Highland Ice Cream",
				"Honey Glazed Salad",
				"Ridge Fruity Plate",
				"Snow Bowl Surprise",
				"Zesty Tuna",
				"Spaghetti",
				"Lucky Lunch",
				"Pumpkin Soup",
				"Blackberry Cobbler",
				"Salad",
				"Pepper Poppers",
				"Bean Hotpot",
				"Tom Kha Soup",
				"Stir Fry",
				"Coleslaw",
				"Fish Taco",
				"Farmer's Lunch",
				"Fried Egg",
				"Baked Fish",
				"Vegetable Medley",
				"Pink Cake",
				"Shrimp Cocktail",
				"Triple Shot Espresso",
				"Spicy Eel",
				"Dish o' The Sea",
				"Rhubarb Pie",
				"Super Meal",
				"Blueberry Tart",
				"Red Plate",
				],
			"Stock": 3,
		},
	],
	},
	
	//------------      
	//RSVFestGirls   
	//------------      
	{
	"ShopName": "RSVFestGirls",
	"StoreCurrency": "Money",
	"CategoriesToSell": [ -7 ],
	"Quote": "Girls rule!!",
	"LocalizedQuote": { "en": "Girls rule!" },
	"ShopPrice": -1,
	"MaxNumItemsSoldInStore": 8,
	"DefaultSellPriceMultiplier": 1.0,
	
	"ItemStocks": [
		{
			"ItemType": "Object",
			"ItemNames": [ "Apple Sapling", ],
			"Stock": 1,
		},
		{
			"ItemType": "Object",
			"ItemNames": [ "Peach Sapling", ],
			"Stock": 1,
		},
		{
			"ItemType": "Object",
			"ItemNames": [ "Banana Sapling", ],
			"Stock": 1,
		},
		{
			"ItemType": "Object",
			"ItemNames": [ "Orange Sapling", ],
			"Stock": 1,
		},
		{
			"ItemType": "Object",
			"ItemNames": [ "Mango Sapling", ],
			"Stock": 1,
		},
		{
			"ItemType": "Object",
			"ItemNames": [ "Prismatic Shard", ],
			"Stock": 1,
		},
		{
			"ItemType": "Ring",
			"ItemNames": [ "Ring of Yoba", ],
			"Stock": 1,
		},
		{
			"ItemType": "Ring",
			"ItemNames": [ "Savage Ring", ],
			"Stock": 1,
		},
		{
			"ItemType": "Ring",
			"ItemNames": [ "Thorns Ring", ],
			"Stock": 1,
		},
		{
			"ItemType": "Ring",
			"ItemNames": [ "Protection Ring", ],
			"Stock": 1,
		},
		{
			"ItemType": "Ring",
			"ItemNames": [ "Emerald Ring", ],
			"Stock": 1,
		},
		{
			"ItemType": "Object",
			"ItemNames": [ "Magic Rock Candy", ],
			"Stock": 1,
		},
		{
			"ItemType": "Object",
			"ItemNames": [ "Deluxe Fertilizer", ],
			"Stock": 1,
		},
		{
			"ItemType": "Object",
			"ItemNames": [ "Golden Pumpkin", ],
			"StockPrice": 1000,
			"Stock": 1,
		},
		{
			"ItemType": "Object",
			"ItemNames": [ "Ancient Fruit", ],
			"Stock": 1,
		},
		{
			"ItemType": "Object",
			"ItemNames": [ "Rare Seed", ],
			"StockPrice": 2000,
			"Stock": 1,
		},
		{
			"ItemType": "Object",
			"ItemNames": [ "Clam", ],
			"Stock": 20,
		},
		{
			"ItemType": "Object",
			"ItemNames": [ "Omni Geode", ],
			"StockPrice": 200,
			"Stock": 5,
		},
		{
			"ItemType": "Object",
			"ItemNames": [ "Sturgeon", ],
			"Stock": 1,
		},
		{
			"ItemType": "Object",
			"ItemNames": [ "Flute Block", ],
			"Stock": 1,
		},
	],
	},
	
	//------------      
	//RSVFestBoys   
	//------------      
	{
	"ShopName": "RSVFestBoys",
	"StoreCurrency": "Money",
	"CategoriesToSell": [ -7 ],
	"Quote": "Boys rule!!",
	"LocalizedQuote": { "en": "Boys rule!" },
	"ShopPrice": -1,
	"MaxNumItemsSoldInStore": 8,
	"DefaultSellPriceMultiplier": 1.0,
	
	"ItemStocks": [
		{
			"ItemType": "Object",
			"ItemNames": [ "Battery Pack", ],
			"Stock": 1,
		},
		{
			"ItemType": "Object",
			"ItemNames": [ "Apricot Sapling", ],
			"Stock": 1,
		},
		{
			"ItemType": "Object",
			"ItemNames": [ "Cherry Sapling", ],
			"Stock": 1,
		},
		{
			"ItemType": "Object",
			"ItemNames": [ "Energy Tonic", ],
			"Stock": 1,
		},
		{
			"ItemType": "Object",
			"ItemNames": [ "Quality Sprinkler", ],
			"StockPrice": 2000,
			"Stock": 1,
		},
		{
			"ItemType": "Object",
			"ItemNames": [ "Slime", ],
			"Stock": 50,
		},
		{
			"ItemType": "Object",
			"ItemNames": [ "Tuna", ],
			"Stock": 1,
		},
		{
			"ItemType": "Object",
			"ItemNames": [ "Starfruit Seeds", ],
			"Stock": 1,
		},
		{
			"ItemType": "Object",
			"ItemNames": [ "Beer", ],
			"Stock": 3,
		},
		{
			"ItemType": "Object",
			"ItemNames": [ "Muscle Remedy", ],
			"Stock": 1,
		},
		{
			"ItemType": "Object",
			"ItemNames": [ "Explosive Ammo", ],
			"Stock": 1,
		},
		{
			"ItemType": "Object",
			"ItemNames": [ "Drum Block", ],
			"Stock": 1,
		},
		{
			"ItemType": "Ring",
			"ItemNames": [ "Vampire Ring", ],
			"Stock": 1,
		},
		{
			"ItemType": "Ring",
			"ItemNames": [ "Sturdy Ring", ],
			"Stock": 1,
		},
		{
			"ItemType": "Object",
			"ItemNames": [ "Iridium Sprinkler", ],
			"Stock": 1,
			"StockPrice": 5000,
		},
		{
			"ItemType": "Object",
			"ItemNames": [ "Dinosaur Egg", ],
			"Stock": 1,
		},
		{
			"ItemType": "Object",
			"ItemNames": [ "Hyper Speed-Gro", ],
			"Stock": 1,
		},
		{
			"ItemType": "Object",
			"ItemNames": [ "Eggplant Seeds", ],
			"Stock": 1,
		},
		{
			"ItemType": "Object",
			"ItemNames": [ "Prismatic Shard", ],
			"Stock": 1,
		},
	],
	},
	
	//------------      
	//Jio Shop    
	//------------      
	{
	"ShopName": "RSVJioShop",
	"StoreCurrency": "Money",
	"CategoriesToSell": [ -98, -95 ],
	"Quote": "What will it be?",
	"LocalizedQuote": { "en": "What will it be?" },
	"ShopPrice": 0,
	
	"ItemStocks": [
		{
			"ItemType": "Hat",
			"ItemNames": [ "Occult Red Scarf", ],
			"StockItemCurrency": "Spiritual Essence",
			"StockCurrencyStack": 50,
		},
		{
			"ItemType": "Clothing",
			"ItemNames": [ "Occult Dusk Top", ],
			"StockItemCurrency": "Spiritual Essence",
			"StockCurrencyStack": 50,
		},
		{
			"ItemType": "Clothing",
			"ItemNames": [ "Occult Leather Jacket", ],
			"StockItemCurrency": "Spiritual Essence",
			"StockCurrencyStack": 50,
		},
	],
	},

  ]
  }