{
	"Name": "Harvester Trout",
	"Description": "It got it's name for being infamously harvesting nearby water crops or fruits. This strange behavior led it to being hunted down for it's destructive behavior. It is not endagered yet rare for it migrates a lot. It's weird behavior pattern is a mystery.",
	"Category": "Fish",
	"Edibility": 10,
	"EdibleIsDrink": false,
	"EdibleBuffs": null,
	"Price": 3000,
	"IsColored": false,
	"GiftTastes":
	{
		"Love": ["Jeric"],
	},
	"NameLocalization":
	{
		//
	},
	"DescriptionLocalization":
	{
		//
	},
}