{
"Changes": [
	
//------------------------
// FESTIVAL DIALOGUE   
//------------------------

	//Egg Festival----------------------
	
		{
			"LogName": "EggFestival",
			"Action": "EditData",
			"Target": "Data/Festivals/spring13",
			"Entries": {
			
			//Non-Dateables
				"Aguar": "{{i18n:Festivals.EggFest.Aguar}}",
				"Bert": "{{i18n:Festivals.EggFest.Bert}}",
				"Ezekiel": "{{i18n:Festivals.EggFest.Ezekiel}}",
				"Freddie": "{{i18n:Festivals.EggFest.Freddie}}",
				"Jio": "{{i18n:Festivals.EggFest.Jio}}",
				"Keahi": "{{i18n:Festivals.EggFest.Keahi}}",
				"Kiwi": "{{i18n:Festivals.EggFest.Kiwi}}",
				"Lenny": "{{i18n:Festivals.EggFest.Lenny}}",
				"Lola": "{{i18n:Festivals.EggFest.Lola}}",
				"Olga": "{{i18n:Festivals.EggFest.Olga}}",
				"Pika": "{{i18n:Festivals.EggFest.Pika}}",
				"Richard": "{{i18n:Festivals.EggFest.Richard}}",
				"Trinnie": "{{i18n:Festivals.EggFest.Trinnie}}",
				"Yuuma": "{{i18n:Festivals.EggFest.Yuuma}}",
			
			//Dateables
				"Alissa": "{{i18n:Festivals.EggFest.Alissa}}",
				"Alissa_spouse": "{{i18n:Festivals.EggFest.Alissa_spouse}}",
				"Corine": "{{i18n:Festivals.EggFest.Corine}}",
				"Corine_spouse": "{{i18n:Festivals.EggFest.Corine_spouse}}",
				"Flor": "{{i18n:Festivals.EggFest.Flor}}",
				"Flor_spouse": "{{i18n:Festivals.EggFest.Flor_spouse}}",
				"Ian": "{{i18n:Festivals.EggFest.Ian}}",
				"Ian_spouse": "{{i18n:Festivals.EggFest.Ian_spouse}}",
				"Jeric": "{{i18n:Festivals.EggFest.Jeric}}",
				"Jeric_spouse": "{{i18n:Festivals.EggFest.Jeric_spouse}}",
				"Kenneth": "{{i18n:Festivals.EggFest.Kenneth}}",
				"Kenneth_spouse": "{{i18n:Festivals.EggFest.Kenneth_spouse}}",
				"Maddie": "{{i18n:Festivals.EggFest.Maddie}}",
				"Maddie_spouse": "{{i18n:Festivals.EggFest.Maddie_spouse}}",
				"Philip": "{{i18n:Festivals.EggFest.Philip}}",
				"Philip_spouse": "{{i18n:Festivals.EggFest.Philip_spouse}}",
				"Shiro": "{{i18n:Festivals.EggFest.Shiro}}",
				"Shiro_spouse": "{{i18n:Festivals.EggFest.Shiro_spouse}}",
				"Ysabelle": "{{i18n:Festivals.EggFest.Ysabelle}}",
				"Ysabelle_spouse": "{{i18n:Festivals.EggFest.Ysabelle_spouse}}",
			},
		},
		
	//Flowerdance----------------------
	
		{
			"LogName": "FlowerDance",
			"Action": "EditData",
			"Target": "Data/Festivals/spring24",
			"Entries": {
			
			//Non-Dateables
				"Aguar": "{{i18n:Festivals.FlowerDance.Aguar}}",
				"Bert": "{{i18n:Festivals.FlowerDance.Bert}}",
				"Ezekiel": "{{i18n:Festivals.FlowerDance.Ezekiel}}",
				"Freddie": "{{i18n:Festivals.FlowerDance.Freddie}}",
				"Jio": "{{i18n:Festivals.FlowerDance.Jio}}",
				"Keahi": "{{i18n:Festivals.FlowerDance.Keahi}}",
				"Kiwi": "{{i18n:Festivals.FlowerDance.Kiwi}}",
				"Lenny": "{{i18n:Festivals.FlowerDance.Lenny}}",
				"Lola": "{{i18n:Festivals.FlowerDance.Lola}}",
				"Olga": "{{i18n:Festivals.FlowerDance.Olga}}",
				"Pika": "{{i18n:Festivals.FlowerDance.Pika}}",
				"Richard": "{{i18n:Festivals.FlowerDance.Richard}}",
				"Trinnie": "{{i18n:Festivals.FlowerDance.Trinnie}}",
				"Yuuma": "{{i18n:Festivals.FlowerDance.Yuuma}}",
			
			//Dateables
				"Alissa": "{{i18n:Festivals.FlowerDance.Alissa}}",
				"Alissa_spouse": "{{i18n:Festivals.FlowerDance.Alissa_spouse}}",
				"Corine": "{{i18n:Festivals.FlowerDance.Corine}}",
				"Corine_spouse": "{{i18n:Festivals.FlowerDance.Corine_spouse}}",
				"Flor": "{{i18n:Festivals.FlowerDance.Flor}}",
				"Flor_spouse": "{{i18n:Festivals.FlowerDance.Flor_spouse}}",
				"Ian": "{{i18n:Festivals.FlowerDance.Ian}}",
				"Ian_spouse": "{{i18n:Festivals.FlowerDance.Ian_spouse}}",
				"Jeric": "{{i18n:Festivals.FlowerDance.Jeric}}",
				"Jeric_spouse": "{{i18n:Festivals.FlowerDance.Jeric_spouse}}",
				"Kenneth": "{{i18n:Festivals.FlowerDance.Kenneth}}",
				"Kenneth_spouse": "{{i18n:Festivals.FlowerDance.Kenneth_spouse}}",
				"Maddie": "{{i18n:Festivals.FlowerDance.Maddie}}",
				"Maddie_spouse": "{{i18n:Festivals.FlowerDance.Maddie_spouse}}",
				"Philip": "{{i18n:Festivals.FlowerDance.Philip}}",
				"Philip_spouse": "{{i18n:Festivals.FlowerDance.Philip_spouse}}",
				"Shiro": "{{i18n:Festivals.FlowerDance.Shiro}}",
				"Shiro_spouse": "{{i18n:Festivals.FlowerDance.Shiro_spouse}}",
				"Ysabelle": "{{i18n:Festivals.FlowerDance.Ysabelle}}",
				"Ysabelle_spouse": "{{i18n:Festivals.FlowerDance.Ysabelle_spouse}}",
			},
		},
		
	//Luau----------------------
	
		{
			"LogName": "Luau",
			"Action": "EditData",
			"Target": "Data/Festivals/summer11",
			"Entries": {
			
			//Non-Dateables
				"Aguar": "{{i18n:Festivals.Luau.Aguar}}",
				"Bert": "{{i18n:Festivals.Luau.Bert}}",
				"Ezekiel": "{{i18n:Festivals.Luau.Ezekiel}}",
				"Freddie": "{{i18n:Festivals.Luau.Freddie}}",
				"Jio": "{{i18n:Festivals.Luau.Jio}}",
				"Keahi": "{{i18n:Festivals.Luau.Keahi}}",
				"Kiwi": "{{i18n:Festivals.Luau.Kiwi}}",
				"Lenny": "{{i18n:Festivals.Luau.Lenny}}",
				"Lola": "{{i18n:Festivals.Luau.Lola}}",
				"Olga": "{{i18n:Festivals.Luau.Olga}}",
				"Pika": "{{i18n:Festivals.Luau.Pika}}",
				"Richard": "{{i18n:Festivals.Luau.Richard}}",
				"Trinnie": "{{i18n:Festivals.Luau.Trinnie}}",
				"Yuuma": "{{i18n:Festivals.Luau.Yuuma}}",
			
			//Dateables
				"Alissa": "{{i18n:Festivals.Luau.Alissa}}",
				"Alissa_spouse": "{{i18n:Festivals.Luau.Alissa_spouse}}",
				"Corine": "{{i18n:Festivals.Luau.Corine}}",
				"Corine_spouse": "{{i18n:Festivals.Luau.Corine_spouse}}",
				"Flor": "{{i18n:Festivals.Luau.Flor}}",
				"Flor_spouse": "{{i18n:Festivals.Luau.Flor_spouse}}",
				"Ian": "{{i18n:Festivals.Luau.Ian}}",
				"Ian_spouse": "{{i18n:Festivals.Luau.Ian_spouse}}",
				"Jeric": "{{i18n:Festivals.Luau.Jeric}}",
				"Jeric_spouse": "{{i18n:Festivals.Luau.Jeric_spouse}}",
				"Kenneth": "{{i18n:Festivals.Luau.Kenneth}}",
				"Kenneth_spouse": "{{i18n:Festivals.Luau.Kenneth_spouse}}",
				"Maddie": "{{i18n:Festivals.Luau.Maddie}}",
				"Maddie_spouse": "{{i18n:Festivals.Luau.Maddie_spouse}}",
				"Philip": "{{i18n:Festivals.Luau.Philip}}",
				"Philip_spouse": "{{i18n:Festivals.Luau.Philip_spouse}}",
				"Shiro": "{{i18n:Festivals.Luau.Shiro}}",
				"Shiro_spouse": "{{i18n:Festivals.Luau.Shiro_spouse}}",
				"Ysabelle": "{{i18n:Festivals.Luau.Ysabelle}}",
				"Ysabelle_spouse": "{{i18n:Festivals.Luau.Ysabelle_spouse}}",
			},
		},

	//Jellies----------------------
	
		{
			"LogName": "Jellies",
			"Action": "EditData",
			"Target": "Data/Festivals/summer28",
			"Entries": {
			
			//Non-Dateables
				"Aguar": "{{i18n:Festivals.Jellies.Aguar}}",
				"Bert": "{{i18n:Festivals.Jellies.Bert}}",
				"Ezekiel": "{{i18n:Festivals.Jellies.Ezekiel}}",
				"Freddie": "{{i18n:Festivals.Jellies.Freddie}}",
				"Jio": "{{i18n:Festivals.Jellies.Jio}}",
				"Keahi": "{{i18n:Festivals.Jellies.Keahi}}",
				"Kiwi": "{{i18n:Festivals.Jellies.Kiwi}}",
				"Lenny": "{{i18n:Festivals.Jellies.Lenny}}",
				"Lola": "{{i18n:Festivals.Jellies.Lola}}",
				"Olga": "{{i18n:Festivals.Jellies.Olga}}",
				"Pika": "{{i18n:Festivals.Jellies.Pika}}",
				"Richard": "{{i18n:Festivals.Jellies.Richard}}",
				"Trinnie": "{{i18n:Festivals.Jellies.Trinnie}}",
				"Yuuma": "{{i18n:Festivals.Jellies.Yuuma}}",
			
			//Dateables
				"Alissa": "{{i18n:Festivals.Jellies.Alissa}}",
				"Alissa_spouse": "{{i18n:Festivals.Jellies.Alissa_spouse}}",
				"Corine": "{{i18n:Festivals.Jellies.Corine}}",
				"Corine_spouse": "{{i18n:Festivals.Jellies.Corine_spouse}}",
				"Flor": "{{i18n:Festivals.Jellies.Flor}}",
				"Flor_spouse": "{{i18n:Festivals.Jellies.Flor_spouse}}",
				"Ian": "{{i18n:Festivals.Jellies.Ian}}",
				"Ian_spouse": "{{i18n:Festivals.Jellies.Ian_spouse}}",
				"Jeric": "{{i18n:Festivals.Jellies.Jeric}}",
				"Jeric_spouse": "{{i18n:Festivals.Jellies.Jeric_spouse}}",
				"Kenneth": "{{i18n:Festivals.Jellies.Kenneth}}",
				"Kenneth_spouse": "{{i18n:Festivals.Jellies.Kenneth_spouse}}",
				"Maddie": "{{i18n:Festivals.Jellies.Maddie}}",
				"Maddie_spouse": "{{i18n:Festivals.Jellies.Maddie_spouse}}",
				"Philip": "{{i18n:Festivals.Jellies.Philip}}",
				"Philip_spouse": "{{i18n:Festivals.Jellies.Philip_spouse}}",
				"Shiro": "{{i18n:Festivals.Jellies.Shiro}}",
				"Shiro_spouse": "{{i18n:Festivals.Jellies.Shiro_spouse}}",
				"Ysabelle": "{{i18n:Festivals.Jellies.Ysabelle}}",
				"Ysabelle_spouse": "{{i18n:Festivals.Jellies.Ysabelle_spouse}}",
			},
		},

	//SVFair----------------------
	
		{
			"LogName": "SVFair",
			"Action": "EditData",
			"Target": "Data/Festivals/fall16",
			"Entries": {
			
			//Non-Dateables
				"Aguar": "{{i18n:Festivals.StardewFair.Aguar}}",
				"Bert": "{{i18n:Festivals.StardewFair.Bert}}",
				"Ezekiel": "{{i18n:Festivals.StardewFair.Ezekiel}}",
				"Freddie": "{{i18n:Festivals.StardewFair.Freddie}}",
				"Jio": "{{i18n:Festivals.StardewFair.Jio}}",
				"Keahi": "{{i18n:Festivals.StardewFair.Keahi}}",
				"Kiwi": "{{i18n:Festivals.StardewFair.Kiwi}}",
				"Lenny": "{{i18n:Festivals.StardewFair.Lenny}}",
				"Lola": "{{i18n:Festivals.StardewFair.Lola}}",
				"Olga": "{{i18n:Festivals.StardewFair.Olga}}",
				"Pika": "{{i18n:Festivals.StardewFair.Pika}}",
				"Richard": "{{i18n:Festivals.StardewFair.Richard}}",
				"Trinnie": "{{i18n:Festivals.StardewFair.Trinnie}}",
				"Yuuma": "{{i18n:Festivals.StardewFair.Yuuma}}",
			
			//Dateables
				"Alissa": "{{i18n:Festivals.StardewFair.Alissa}}",
				"Alissa_spouse": "{{i18n:Festivals.StardewFair.Alissa_spouse}}",
				"Corine": "{{i18n:Festivals.StardewFair.Corine}}",
				"Corine_spouse": "{{i18n:Festivals.StardewFair.Corine_spouse}}",
				"Flor": "{{i18n:Festivals.StardewFair.Flor}}",
				"Flor_spouse": "{{i18n:Festivals.StardewFair.Flor_spouse}}",
				"Ian": "{{i18n:Festivals.StardewFair.Ian}}",
				"Ian_spouse": "{{i18n:Festivals.StardewFair.Ian_spouse}}",
				"Jeric": "{{i18n:Festivals.StardewFair.Jeric}}",
				"Jeric_spouse": "{{i18n:Festivals.StardewFair.Jeric_spouse}}",
				"Kenneth": "{{i18n:Festivals.StardewFair.Kenneth}}",
				"Kenneth_spouse": "{{i18n:Festivals.StardewFair.Kenneth_spouse}}",
				"Maddie": "{{i18n:Festivals.StardewFair.Maddie}}",
				"Maddie_spouse": "{{i18n:Festivals.StardewFair.Maddie_spouse}}",
				"Philip": "{{i18n:Festivals.StardewFair.Philip}}",
				"Philip_spouse": "{{i18n:Festivals.StardewFair.Philip_spouse}}",
				"Shiro": "{{i18n:Festivals.StardewFair.Shiro}}",
				"Shiro_spouse": "{{i18n:Festivals.StardewFair.Shiro_spouse}}",
				"Ysabelle": "{{i18n:Festivals.StardewFair.Ysabelle}}",
				"Ysabelle_spouse": "{{i18n:Festivals.StardewFair.Ysabelle_spouse}}",
			},
		},
		
	//SpiritEve----------------------
	
		{
			"LogName": "SpiritEve",
			"Action": "EditData",
			"Target": "Data/Festivals/fall27",
			"Entries": {
			
			//Non-Dateables
				"Aguar": "{{i18n:Festivals.SpiritEve.Aguar}}",
				"Bert": "{{i18n:Festivals.SpiritEve.Bert}}",
				"Ezekiel": "{{i18n:Festivals.SpiritEve.Ezekiel}}",
				"Freddie": "{{i18n:Festivals.SpiritEve.Freddie}}",
				"Jio": "{{i18n:Festivals.SpiritEve.Jio}}",
				"Keahi": "{{i18n:Festivals.SpiritEve.Keahi}}",
				"Kiwi": "{{i18n:Festivals.SpiritEve.Kiwi}}",
				"Lenny": "{{i18n:Festivals.SpiritEve.Lenny}}",
				"Lola": "{{i18n:Festivals.SpiritEve.Lola}}",
				"Olga": "{{i18n:Festivals.SpiritEve.Olga}}",
				"Pika": "{{i18n:Festivals.SpiritEve.Pika}}",
				"Richard": "{{i18n:Festivals.SpiritEve.Richard}}",
				"Trinnie": "{{i18n:Festivals.SpiritEve.Trinnie}}",
				"Yuuma": "{{i18n:Festivals.SpiritEve.Yuuma}}",
			
			//Dateables
				"Alissa": "{{i18n:Festivals.SpiritEve.Alissa}}",
				"Alissa_spouse": "{{i18n:Festivals.SpiritEve.Alissa_spouse}}",
				"Corine": "{{i18n:Festivals.SpiritEve.Corine}}",
				"Corine_spouse": "{{i18n:Festivals.SpiritEve.Corine_spouse}}",
				"Flor": "{{i18n:Festivals.SpiritEve.Flor}}",
				"Flor_spouse": "{{i18n:Festivals.SpiritEve.Flor_spouse}}",
				"Ian": "{{i18n:Festivals.SpiritEve.Ian}}",
				"Ian_spouse": "{{i18n:Festivals.SpiritEve.Ian_spouse}}",
				"Jeric": "{{i18n:Festivals.SpiritEve.Jeric}}",
				"Jeric_spouse": "{{i18n:Festivals.SpiritEve.Jeric_spouse}}",
				"Kenneth": "{{i18n:Festivals.SpiritEve.Kenneth}}",
				"Kenneth_spouse": "{{i18n:Festivals.SpiritEve.Kenneth_spouse}}",
				"Maddie": "{{i18n:Festivals.SpiritEve.Maddie}}",
				"Maddie_spouse": "{{i18n:Festivals.SpiritEve.Maddie_spouse}}",
				"Philip": "{{i18n:Festivals.SpiritEve.Philip}}",
				"Philip_spouse": "{{i18n:Festivals.SpiritEve.Philip_spouse}}",
				"Shiro": "{{i18n:Festivals.SpiritEve.Shiro}}",
				"Shiro_spouse": "{{i18n:Festivals.SpiritEve.Shiro_spouse}}",
				"Ysabelle": "{{i18n:Festivals.SpiritEve.Ysabelle}}",
				"Ysabelle_spouse": "{{i18n:Festivals.SpiritEve.Ysabelle_spouse}}",
			},
		},
		
	//IceFest----------------------
	
		{
			"LogName": "IceFest",
			"Action": "EditData",
			"Target": "Data/Festivals/winter8",
			"Entries": {
			
			//Non-Dateables
				"Aguar": "{{i18n:Festivals.IceFest.Aguar}}",
				"Bert": "{{i18n:Festivals.IceFest.Bert}}",
				"Ezekiel": "{{i18n:Festivals.IceFest.Ezekiel}}",
				"Freddie": "{{i18n:Festivals.IceFest.Freddie}}",
				"Jio": "{{i18n:Festivals.IceFest.Jio}}",
				"Keahi": "{{i18n:Festivals.IceFest.Keahi}}",
				"Kiwi": "{{i18n:Festivals.IceFest.Kiwi}}",
				"Lenny": "{{i18n:Festivals.IceFest.Lenny}}",
				"Lola": "{{i18n:Festivals.IceFest.Lola}}",
				"Olga": "{{i18n:Festivals.IceFest.Olga}}",
				"Pika": "{{i18n:Festivals.IceFest.Pika}}",
				"Richard": "{{i18n:Festivals.IceFest.Richard}}",
				"Trinnie": "{{i18n:Festivals.IceFest.Trinnie}}",
				"Yuuma": "{{i18n:Festivals.IceFest.Yuuma}}",
			
			//Dateables
				"Alissa": "{{i18n:Festivals.IceFest.Alissa}}",
				"Alissa_spouse": "{{i18n:Festivals.IceFest.Alissa_spouse}}",
				"Corine": "{{i18n:Festivals.IceFest.Corine}}",
				"Corine_spouse": "{{i18n:Festivals.IceFest.Corine_spouse}}",
				"Flor": "{{i18n:Festivals.IceFest.Flor}}",
				"Flor_spouse": "{{i18n:Festivals.IceFest.Flor_spouse}}",
				"Ian": "{{i18n:Festivals.IceFest.Ian}}",
				"Ian_spouse": "{{i18n:Festivals.IceFest.Ian_spouse}}",
				"Jeric": "{{i18n:Festivals.IceFest.Jeric}}",
				"Jeric_spouse": "{{i18n:Festivals.IceFest.Jeric_spouse}}",
				"Kenneth": "{{i18n:Festivals.IceFest.Kenneth}}",
				"Kenneth_spouse": "{{i18n:Festivals.IceFest.Kenneth_spouse}}",
				"Maddie": "{{i18n:Festivals.IceFest.Maddie}}",
				"Maddie_spouse": "{{i18n:Festivals.IceFest.Maddie_spouse}}",
				"Philip": "{{i18n:Festivals.IceFest.Philip}}",
				"Philip_spouse": "{{i18n:Festivals.IceFest.Philip_spouse}}",
				"Shiro": "{{i18n:Festivals.IceFest.Shiro}}",
				"Shiro_spouse": "{{i18n:Festivals.IceFest.Shiro_spouse}}",
				"Ysabelle": "{{i18n:Festivals.IceFest.Ysabelle}}",
				"Ysabelle_spouse": "{{i18n:Festivals.IceFest.Ysabelle_spouse}}",
			},
		},
		
	//WinterStar----------------------
	
		{
			"LogName": "WinterStar",
			"Action": "EditData",
			"Target": "Data/Festivals/winter25",
			"Entries": {
			
			//Non-Dateables
				"Aguar": "{{i18n:Festivals.WinterStar.Aguar}}",
				"Bert": "{{i18n:Festivals.WinterStar.Bert}}",
				"Ezekiel": "{{i18n:Festivals.WinterStar.Ezekiel}}",
				"Freddie": "{{i18n:Festivals.WinterStar.Freddie}}",
				"Jio": "{{i18n:Festivals.WinterStar.Jio}}",
				"Keahi": "{{i18n:Festivals.WinterStar.Keahi}}",
				"Kiwi": "{{i18n:Festivals.WinterStar.Kiwi}}",
				"Lenny": "{{i18n:Festivals.WinterStar.Lenny}}",
				"Lola": "{{i18n:Festivals.WinterStar.Lola}}",
				"Olga": "{{i18n:Festivals.WinterStar.Olga}}",
				"Pika": "{{i18n:Festivals.WinterStar.Pika}}",
				"Richard": "{{i18n:Festivals.WinterStar.Richard}}",
				"Trinnie": "{{i18n:Festivals.WinterStar.Trinnie}}",
				"Yuuma": "{{i18n:Festivals.WinterStar.Yuuma}}",
			
			//Dateables
				"Alissa": "{{i18n:Festivals.WinterStar.Alissa}}",
				"Alissa_spouse": "{{i18n:Festivals.WinterStar.Alissa_spouse}}",
				"Corine": "{{i18n:Festivals.WinterStar.Corine}}",
				"Corine_spouse": "{{i18n:Festivals.WinterStar.Corine_spouse}}",
				"Flor": "{{i18n:Festivals.WinterStar.Flor}}",
				"Flor_spouse": "{{i18n:Festivals.WinterStar.Flor_spouse}}",
				"Ian": "{{i18n:Festivals.WinterStar.Ian}}",
				"Ian_spouse": "{{i18n:Festivals.WinterStar.Ian_spouse}}",
				"Jeric": "{{i18n:Festivals.WinterStar.Jeric}}",
				"Jeric_spouse": "{{i18n:Festivals.WinterStar.Jeric_spouse}}",
				"Kenneth": "{{i18n:Festivals.WinterStar.Kenneth}}",
				"Kenneth_spouse": "{{i18n:Festivals.WinterStar.Kenneth_spouse}}",
				"Maddie": "{{i18n:Festivals.WinterStar.Maddie}}",
				"Maddie_spouse": "{{i18n:Festivals.WinterStar.Maddie_spouse}}",
				"Philip": "{{i18n:Festivals.WinterStar.Philip}}",
				"Philip_spouse": "{{i18n:Festivals.WinterStar.Philip_spouse}}",
				"Shiro": "{{i18n:Festivals.WinterStar.Shiro}}",
				"Shiro_spouse": "{{i18n:Festivals.WinterStar.Shiro_spouse}}",
				"Ysabelle": "{{i18n:Festivals.WinterStar.Ysabelle}}",
				"Ysabelle_spouse": "{{i18n:Festivals.WinterStar.Ysabelle_spouse}}",
			},
		},
	//EmberOfResolutions----------------------
	
		{
			"LogName": "EmberOfResolutions",
			"Action": "EditData",
			"Target": "Data/Festivals/winter28",
			"Entries": {
			
			//Non-Dateables
				"Aguar": "{{i18n:Festivals.EoR.Aguar}}",
				"Bert": "{{i18n:Festivals.EoR.Bert}}",
				"Ezekiel": "{{i18n:Festivals.EoR.Ezekiel}}",
				"Freddie": "{{i18n:Festivals.EoR.Freddie}}",
				"Jio": "{{i18n:Festivals.EoR.Jio}}",
				"Keahi": "{{i18n:Festivals.EoR.Keahi}}",
				"Kiwi": "{{i18n:Festivals.EoR.Kiwi}}",
				"Lenny": "{{i18n:Festivals.EoR.Lenny}}",
				"Lola": "{{i18n:Festivals.EoR.Lola}}",
				"Olga": "{{i18n:Festivals.EoR.Olga}}",
				"Pika": "{{i18n:Festivals.EoR.Pika}}",
				"Richard": "{{i18n:Festivals.EoR.Richard}}",
				"Trinnie": "{{i18n:Festivals.EoR.Trinnie}}",
				"Yuuma": "{{i18n:Festivals.EoR.Yuuma}}",
			
			//Dateables
				"Alissa": "{{i18n:Festivals.EoR.Alissa}}",
				"Alissa_spouse": "{{i18n:Festivals.EoR.Alissa_spouse}}",
				"Corine": "{{i18n:Festivals.EoR.Corine}}",
				"Corine_spouse": "{{i18n:Festivals.EoR.Corine_spouse}}",
				"Flor": "{{i18n:Festivals.EoR.Flor}}",
				"Flor_spouse": "{{i18n:Festivals.EoR.Flor_spouse}}",
				"Ian": "{{i18n:Festivals.EoR.Ian}}",
				"Ian_spouse": "{{i18n:Festivals.EoR.Ian_spouse}}",
				"Jeric": "{{i18n:Festivals.EoR.Jeric}}",
				"Jeric_spouse": "{{i18n:Festivals.EoR.Jeric_spouse}}",
				"Kenneth": "{{i18n:Festivals.EoR.Kenneth}}",
				"Kenneth_spouse": "{{i18n:Festivals.EoR.Kenneth_spouse}}",
				"Maddie": "{{i18n:Festivals.EoR.Maddie}}",
				"Maddie_spouse": "{{i18n:Festivals.EoR.Maddie_spouse}}",
				"Philip": "{{i18n:Festivals.EoR.Philip}}",
				"Philip_spouse": "{{i18n:Festivals.EoR.Philip_spouse}}",
				"Shiro": "{{i18n:Festivals.EoR.Shiro}}",
				"Shiro_spouse": "{{i18n:Festivals.EoR.Shiro_spouse}}",
				"Ysabelle": "{{i18n:Festivals.EoR.Ysabelle}}",
				"Ysabelle_spouse": "{{i18n:Festivals.EoR.Ysabelle_spouse}}",
			},
		},
		
	//Ridgeside Gathering----------------------
	
		{
			"LogName": "Ridgeside Gathering",
			"Action": "EditData",
			"Target": "Data/Festivals/fall20",
			"Entries": {
			
			//Non-Dateables
				"Aguar": "{{i18n:Festivals.Gathering.Aguar}}",
				"Bert": "{{i18n:Festivals.Gathering.Bert}}",
				"Ezekiel": "{{i18n:Festivals.Gathering.Ezekiel}}",
				"Freddie": "{{i18n:Festivals.Gathering.Freddie}}",
				"Jio": "{{i18n:Festivals.Gathering.Jio}}",
				"Keahi": "{{i18n:Festivals.Gathering.Keahi}}",
				"Kiwi": "{{i18n:Festivals.Gathering.Kiwi}}",
				"Lenny": "{{i18n:Festivals.Gathering.Lenny}}",
				"Lola": "{{i18n:Festivals.Gathering.Lola}}",
				"Olga": "{{i18n:Festivals.Gathering.Olga}}",
				"Pika": "{{i18n:Festivals.Gathering.Pika}}",
				"Richard": "{{i18n:Festivals.Gathering.Richard}}",
				"Trinnie": "{{i18n:Festivals.Gathering.Trinnie}}",
				"Yuuma": "{{i18n:Festivals.Gathering.Yuuma}}",
			
			//Dateables
				"Alissa": "{{i18n:Festivals.Gathering.Alissa}}",
				"Alissa_spouse": "{{i18n:Festivals.Gathering.Alissa_spouse}}",
				"Corine": "{{i18n:Festivals.Gathering.Corine}}",
				"Corine_spouse": "{{i18n:Festivals.Gathering.Corine_spouse}}",
				"Flor": "{{i18n:Festivals.Gathering.Flor}}",
				"Flor_spouse": "{{i18n:Festivals.Gathering.Flor_spouse}}",
				"Ian": "{{i18n:Festivals.Gathering.Ian}}",
				"Ian_spouse": "{{i18n:Festivals.Gathering.Ian_spouse}}",
				"Jeric": "{{i18n:Festivals.Gathering.Jeric}}",
				"Jeric_spouse": "{{i18n:Festivals.Gathering.Jeric_spouse}}",
				"Kenneth": "{{i18n:Festivals.Gathering.Kenneth}}",
				"Kenneth_spouse": "{{i18n:Festivals.Gathering.Kenneth_spouse}}",
				"Maddie": "{{i18n:Festivals.Gathering.Maddie}}",
				"Maddie_spouse": "{{i18n:Festivals.Gathering.Maddie_spouse}}",
				"Philip": "{{i18n:Festivals.Gathering.Philip}}",
				"Philip_spouse": "{{i18n:Festivals.Gathering.Philip_spouse}}",
				"Shiro": "{{i18n:Festivals.Gathering.Shiro}}",
				"Shiro_spouse": "{{i18n:Festivals.Gathering.Shiro_spouse}}",
				"Ysabelle": "{{i18n:Festivals.Gathering.Ysabelle}}",
				"Ysabelle_spouse": "{{i18n:Festivals.Gathering.Ysabelle_spouse}}",
			},
		},
]
}