{
    "name": "Ridgeside Gathering",
    "conditions": "Custom_Ridgeside_RidgesideVillage/900 1800",
    "set-up": "CloudCountry/-1000 -1000/farmer 125 30 3/changeToTemporaryMap Custom_Ridgeside_RSVGathering/loadActors Set-Up/animate Kiwi false true 100 16 16 17 17 17 17 17 17 18 19 20 21 22 23 24 25 26 17 17 27 27 27 16/playerControl luau",
    "mainEvent": "null", 
    "Abigail_spouse": "{{i18n:GatheringDialogue.Abigail.spouse}}",
    "Leah_spouse": "{{i18n:GatheringDialogue.Leah.spouse}}",
    "Maru_spouse": "{{i18n:GatheringDialogue.Maru.spouse}}",
    "Penny_spouse": "{{i18n:GatheringDialogue.Penny.spouse}}",
    "Haley_spouse": "{{i18n:GatheringDialogue.Haley.spouse}}",
    "Sebastian_spouse": "{{i18n:GatheringDialogue.Sebastian.spouse}}",
    "Sam_spouse": "{{i18n:GatheringDialogue.Sam.spouse}}",
    "Alex_spouse": "{{i18n:GatheringDialogue.Alex.spouse}}",
    "Harvey_spouse": "{{i18n:GatheringDialogue.Harvey.spouse}}",
    "Elliott_spouse": "{{i18n:GatheringDialogue.Elliott.spouse}}",
    "Emily_spouse": "{{i18n:GatheringDialogue.Emily.spouse}}",
	"Shane_spouse": "{{i18n:GatheringDialogue.Shane.spouse}}",
    "Abigail": "{{i18n:GatheringDialogue.Abigail}}",
    "Robin": "{{i18n:GatheringDialogue.Robin}}",
    "Demetrius": "{{i18n:GatheringDialogue.Demetrius}}",
    "Maru": "{{i18n:GatheringDialogue.Maru}}",
    "Sebastian": "{{i18n:GatheringDialogue.Sebastian}}",
    "Pierre": "{{i18n:GatheringDialogue.Pierre}}",
    "Caroline": "{{i18n:GatheringDialogue.Caroline}}",
    "Linus": "{{i18n:GatheringDialogue.Linus}}",
    "Alex": "{{i18n:GatheringDialogue.Alex}}",
    "George": "{{i18n:GatheringDialogue.George}}",
    "Evelyn": "{{i18n:GatheringDialogue.Evelyn}}",
    "Lewis": "{{i18n:GatheringDialogue.Lewis}}",
    "Clint": "{{i18n:GatheringDialogue.Clint}}",
    "Emily": "{{i18n:GatheringDialogue.Emily}}",
    "Penny": "{{i18n:GatheringDialogue.Penny}}",
    "Pam": "{{i18n:GatheringDialogue.Pam}}",
    "Haley": "{{i18n:GatheringDialogue.Haley}}",
    "Jodi": "{{i18n:GatheringDialogue.Jodi}}",
    "Kent": "{{i18n:GatheringDialogue.Kent}}",
    "Sam": "{{i18n:GatheringDialogue.Sam}}",
    "Leah": "{{i18n:GatheringDialogue.Leah}}",
    "Shane": "{{i18n:GatheringDialogue.Shane}}",
    "Marnie": "{{i18n:GatheringDialogue.Marnie}}",
    "Elliott": "{{i18n:GatheringDialogue.Elliott}}",
    "Gus": "{{i18n:GatheringDialogue.Gus}}",
    "Harvey": "{{i18n:GatheringDialogue.Harvey}}",
    "Jas": "{{i18n:GatheringDialogue.Jas}}",
    "Vincent": "{{i18n:GatheringDialogue.Vincent}}",
    "Willy": "{{i18n:GatheringDialogue.Willy}}",
	"Marlon": "{{i18n:GatheringDialogue.Marlon}}",
	"Wizard": "{{i18n:GatheringDialogue.Wizard}}",

}