{

	"spring": "610 RidgesideVillage 59 30 0/900 RidgesideVillage 76 53 0 square_3_1_0/2300 PikaHouse 16 5 0 pika_sleep",
	"summer": "610 RidgesideVillage 59 30 0/900 RidgesideVillage 76 53 0 square_3_1_0/2300 PikaHouse 16 5 0 pika_sleep",
	"fall": "610 RidgesideVillage 59 30 0/900 RidgesideVillage 76 53 0 square_3_1_0/2300 PikaHouse 16 5 0 pika_sleep",
	"winter": "610 RidgesideVillage 59 30 0/900 RidgesideVillage 76 53 0 square_3_1_0/2300 PikaHouse 16 5 0 pika_sleep",
	"rain": "800 PikaHouse 5 5 2/1000 SeedShop 4 23 0/1300 JericHouse 6 15 0/1700 PikaHouse 5 5 2/2300 PikaHouse 16 5 0 pika_sleep",
	"Wed": "610 JericHouse 6 15 0/900 RidgesideVillage 76 53 0 square_3_1_0/2300 PikaHouse 16 5 0 pika_sleep",
	
}