{
"Format": "1.19.0",
"Changes": [

//Load Map
	{
	"LogName": "LoadMap",
	"Action": "EditMap",
	"Target": "Maps/RidgesideVillage",
	"FromFile": "assets/RSVRidgeFestival.tbin",
	"FromArea": { "X": 0, "Y": 0, "Width": 150, "Height": 130 },
	"ToArea": { "X": 0, "Y": 0, "Width": 150, "Height": 130 },
	"MapProperties": { "Music": "CloudCountry", "Light": "143 26 4 126 22 4 118 26 4 111 26 4 100 26 4 121 41 4 107 41 4 124 49 4 135 49 4 108 53 4 114 53 4 87 85 4 81 85 4 80 100 4 87 110 4 8 61 4 50 121 4 9 119 4 37 56 4 51 42 4 56 36 4 46 27 4 65 18 4 79 16 4 78 37 4 92 41 4 86 57 4 96 54 4 89 26 4 95 14 4 101 6 4 93 1 4 82 43 4 85 43 4 88 43 4 91 43 4 94 43 4 97 43 4 82 46 4 85 46 4 88 46 4 91 46 4 94 46 4 97 46 4 82 49 4 85 49 4 88 49 4 91 49 4 94 49 4 97 49 4 82 52 4 85 52 4 88 52 4 91 52 4 94 52 4 97 52 4 82 55 4 85 55 4 88 55 4 91 55 4 94 55 4 97 55 4 82 58 4 85 58 4 88 58 4 91 58 4 94 58 4 97 58 4" },
	"PatchMode": "Replace",
	"When": { "Weather |contains=Sun": true, "Day |contains=15": true },
	},
	
	{
	"LogName": "LoadMap",
	"Action": "EditMap",
	"Target": "Maps/RidgesideVillage",
	"FromFile": "assets/RidgesideVillage.tbin",
	"FromArea": { "X": 0, "Y": 0, "Width": 150, "Height": 130 },
	"ToArea": { "X": 0, "Y": 0, "Width": 150, "Height": 130 },
	"MapProperties": { "Music": null, "Light": "143 26 4 126 22 4 118 26 4 111 26 4 100 26 4 121 41 4 107 41 4 124 49 4 135 49 4 108 53 4 114 53 4 87 85 4 81 85 4 80 100 4 87 110 4 8 61 4 50 121 4 9 119 4 37 56 4 51 42 4 56 36 4 46 27 4 65 18 4 79 16 4 78 37 4 92 41 4 86 57 4 96 54 4 89 26 4 95 14 4 101 6 4 93 1 4" },
	"PatchMode": "Replace",
	"When": { "Day |contains=15": false },
	},

//Schedule Places

	//Aguar
	{
	"Action": "EditData",
	"Target": "Characters/schedules/Aguar",
	"When": { "Weather |contains=Sun": true },
	"Entries": { "15": "700 RidgesideVillage 97 110 2/830 RidgesideVillage 113 59 2/1000 RidgesideVillage 101 39 3/1200 RidgesideVillage 92 37 2/1400 RidgesideVillage 101 39 3/1800 AguarLab 8 8 2" },
	},
	
	//Alissa
	{
	"Action": "EditData",
	"Target": "Characters/schedules/Alissa",
	"When": { "Weather |contains=Sun": true },
	"Entries": { "15": "610 RidgesideVillage 72 117 2/800 RidgesideVillage 89 46 2/1200 RidgesideVillage 82 58 0/1400 RidgesideVillage 86 43 2 alissa_sing/1800 RidgesideVillage 96 47 1/2100 RidgesideVillage 86 43 2 alissa_sing" },
	},
	
	//Bert
	{
	"Action": "EditData",
	"Target": "Characters/schedules/Bert",
	"When": { "Weather |contains=Sun": true },
	"Entries": { "15": "610 RidgesideVillage 74 118 1/800 RidgesideVillage 79 59 3/1300 RidgesideVillage 88 52 3/1500 RidgesideVillage 95 37 1/1800 RidgesideVillage 102 58 1/2000 RidgesideVillage 95 49 3" },
	},
	
	//Corine
	{
	"Action": "EditData",
	"Target": "Characters/schedules/Corine",
	"When": { "Weather |contains=Sun": true },
	"Entries": { "15": "610 RidgesideVillage 71 50 1/800 RidgesideVillage 82 35 1/900 RidgesideVillage 90 34 2/1000 RidgesideVillage 90 36 2/1100 RidgesideVillage 90 36 2/1200 RidgesideVillage 103 60 1/1300 RidgesideVillage 81 56 2/1800 RidgesideVillage 92 46 1" },
	},
	
	//Ezekiel
	{
	"Action": "EditData",
	"Target": "Characters/schedules/Ezekiel",
	"When": { "Weather |contains=Sun": true },
	"Entries": { "15": "610 RidgesideVillage 87 19 2/830 RidgesideVillage 87 34 2/1000 RidgesideVillage 96 61 0/1200 RidgesideVillage 79 60 3/1500 RidgesideVillage 85 49 1/2000 RidgesideVillage 88 52 3" },
	},
	
	//Flor
	{
	"Action": "EditData",
	"Target": "Characters/schedules/Flor",
	"When": { "Weather |contains=Sun": true },
	"Entries": { "15": "610 RidgesideVillage 110 49 2/900 RidgesideVillage 101 37 3/1000 RidgesideVillage 105 49 2/1200 RidgesideVillage 102 49 3/1430 RidgesideVillage 105 49 2/1830 RidgesideVillage 79 59 3/2030 RidgesideVillage 90 52 1" },
	},
	
	//Freddie
	{
	"Action": "EditData",
	"Target": "Characters/schedules/Freddie",
	"When": { "Weather |contains=Sun": true },
	"Entries": { "15": "610 RidgesideVillage 117 49 2/1000 RidgesideVillage 99 36 2/1330 RidgesideVillage 96 58 2/1500 RidgesideVillage 81 49 0" },
	},
	
	//Ian
	{
	"Action": "EditData",
	"Target": "Characters/schedules/Ian",
	"When": { "Weather |contains=Sun": true },
	"Entries": { "15": "610 RidgesideVillage 109 43 0/800 RidgesideVillage 100 56 2/900 RidgesideVillage 79 60 3/1000 RidgesideVillage 85 36 0/1200 RidgesideVillage 79 43 1/1430 RidgesideVillage 98 36 2/1700 RidgesideVillage 104 46 2/1930 RidgesideVillage 79 43 3" },
	},
	
	//Jeric
	{
	"Action": "EditData",
	"Target": "Characters/schedules/Jeric",
	"When": { "Weather |contains=Sun": true },
	"Entries": { "15": "610 RidgesideVillage 47 32 0/830 RidgesideVillage 98 36 2/1000 RidgesideVillage 85 34 2/1830 RidgesideVillage 98 36 2/2030 RidgesideVillage 85 49 0" },
	},
	
	//Jio
	{
	"Action": "EditData",
	"Target": "Characters/schedules/Jio",
	"When": { "Weather |contains=Sun": true },
	"Entries": { "15": "610 RidgesideVillage 134 85 2 jio_meditate/1730 RidgesideVillage 107 62 2" },
	},
	
	//Keahi
	{
	"Action": "EditData",
	"Target": "Characters/schedules/Keahi",
	"When": { "Weather |contains=Sun": true },
	"Entries": { "15": "610 RidgesideVillage 79 60 2/800 RidgesideVillage 84 43 2 keahi_dance/1200 RidgesideVillage 78 62 0/1330 RidgesideVillage 87 60 1/1430 RidgesideVillage 112 53 3 keahi_jump/1930 RidgesideVillage 84 43 2 keahi_dance" },
	},
	
	//Kenenth
	{
	"Action": "EditData",
	"Target": "Characters/schedules/Kenneth",
	"When": { "Weather |contains=Sun": true },
	"Entries": { "15": "610 RidgesideVillage 83 42 3 kenneth_fixleft/800 RidgesideVillage 88 42 1 kenneth_fixright/1130 RidgesideVillage 79 58 3/1400 RidgesideVillage 95 38 1/1700 RidgesideVillage 88 37 1/2000 RidgesideVillage 91 53 0" },
	},
	
	//Kiwi
	{
	"Action": "EditData",
	"Target": "Characters/schedules/Kiwi",
	"When": { "Weather |contains=Sun": true },
	"Entries": { "15": "610 RidgesideVillage 135 87 kiwi_frontflip/1730 RidgesideVillage 108 63 kiwi_frontflip" },
	},
	
	//Lenny
	{
	"Action": "EditData",
	"Target": "Characters/schedules/Lenny",
	"When": { "Weather |contains=Sun": true },
	"Entries": { "15": "610 RidgesideVillage 116 50 1/830 RidgesideVillage 87 46 1/1000 RidgesideVillage 86 36 0/1200 RidgesideVillage 79 59 3/1400 RidgesideVillage 95 61 0/1600 RidgesideVillage 102 58 1/1800 RidgesideVillage 87 46 2" },
	},
	
	//Lola
	{
	"Action": "EditData",
	"Target": "Characters/schedules/Lola",
	"When": { "Weather |contains=Sun": true },
	"Entries": { "15": "610 RidgesideVillage 118 49 2/1000 RidgesideVillage 100 36 2/1330 RidgesideVillage 97 58 2/1500 RidgesideVillage 82 49 0" },
	},
	
	//Maddie
	{
	"Action": "EditData",
	"Target": "Characters/schedules/Maddie",
	"When": { "Weather |contains=Sun": true },
	"Entries": { "15": "610 RidgesideVillage 70 24 0/1130 RidgesideVillage 90 34 2/1500 RidgesideVillage 96 36 2/1800 RidgesideVillage 93 50 3" },
	},
	
	//Olga
	{
	"Action": "EditData",
	"Target": "Characters/schedules/Olga",
	"When": { "Weather |contains=Sun": true },
	"Entries": { "15": "610 RidgesideVillage 73 118 3/800 RidgesideVillage 89 47 0/1200 RidgesideVillage 98 60 3/1400 RidgesideVillage 82 61 1/1530 RidgesideVillage 98 40 0/1900 RidgesideVillage 97 47 3" },
	},
	
	//Philip
	{
	"Action": "EditData",
	"Target": "Characters/schedules/Philip",
	"When": { "Weather |contains=Sun": true },
	"Entries": { "15": "610 RidgesideVillage 111 23 2/930 RidgesideVillage 112 50 3/1130 RidgesideVillage 88 63 1/1300 RidgesideVillage 95 39 1/1600 RidgesideVillage 83 36 0/1800 RidgesideVillage 79 62 0/2030 RidgesideVillage 90 49 1" },
	},
	
	//Pika
	{
	"Action": "EditData",
	"Target": "Characters/schedules/Pika",
	"When": { "Weather |contains=Sun": true },
	"Entries": { "15": "610 RidgesideVillage 80 56 2/900 RidgesideVillage 77 53 0 square_2_1_0/1500 RidgesideVillage 104 60 0/1930 RidgesideVillage 86 48 2" },
	},
	
	//Richard
	{
	"Action": "EditData",
	"Target": "Characters/schedules/Richard",
	"When": { "Weather |contains=Sun": true },
	"Entries": { "15": "610 RidgesideVillage 105 51 2/730 RidgesideVillage 116 29 0/900 RidgesideVillage 98 59 3/1500 RidgesideVillage 87 54 0/2000 RidgesideVillage 80 48 1" },
	},
	
	//Shiro
	{
	"Action": "EditData",
	"Target": "Characters/schedules/Shiro",
	"When": { "Weather |contains=Sun": true },
	"Entries": { "15": "610 RidgesideVillage 125 46 3/1000 RidgesideVillage 105 53 2/1900 RidgesideVillage 85 52 1" },
	},
	
	//Trinnie
	{
	"Action": "EditData",
	"Target": "Characters/schedules/Trinnie",
	"When": { "Weather |contains=Sun": true },
	"Entries": { "15": "610 RidgesideVillage 75 118 3/800 RidgesideVillage 88 48 0/1200 RidgesideVillage 79 62 0/1330 RidgesideVillage 90 60 3/1430 RidgesideVillage 110 53 1/1930 RidgesideVillage 82 43 2 square_2_1_2" },
	},
	
	//Ysabelle
	{
	"Action": "EditData",
	"Target": "Characters/schedules/Ysabelle",
	"When": { "Weather |contains=Sun": true },
	"Entries": { "15": "610 RidgesideVillage 104 51 2/800 RidgesideVillage 80 58 0/1200 RidgesideVillage 97 36 2/1500 RidgesideVillage 88 43 2 square_2_1_2/1930 RidgesideVillage 94 46 3" },
	},
	
	//Yuuma
	{
	"Action": "EditData",
	"Target": "Characters/schedules/Yuuma",
	"When": { "Weather |contains=Sun": true },
	"Entries": { "15": "610 RidgesideVillage 125 47 3/1000 RidgesideVillage 106 53 2/1900 RidgesideVillage 86 53 0" },
	},


]
}