{
	"Introduction": "Kiwi does not know you.#$b#Kiwi thinks you're new here.#$b#Do not follow Kiwi.$a",

//Day before Festivals	
	"spring_12": "Town Egg Festival looks fun. Kiwi sneak in maybe.",
	"spring_23": "Humans dance tomorrow. Kiwi likes watching forest dancing.$h",
	"summer_10": "Does soup of tomorrow taste good?",
	"summer_27": "Some jellyfish good friends. Kiwi miss jellyfish.$s",
	"fall_15": "Kiwi play tomorrow with humans, maybe?#$b#But Kiwi work first.$a",
	"fall_26": "Hmm, tomorrow?#$b#Kiwi there maybe.",
	"winter_7": "Kiwi does not swim. But catch fish, maybe?",
	"winter_14": "Good friends come tomorrow. Many old friends...",
	"winter_24": "New year soon. Same Kiwi. New Kiwi work, maybe?$h",

//Days of the Week
	"Mon": "Kiwi has mission today.#$e#Don't follow Kiwi.$a",
	"Tue": "%Kiwi is ignoring you",
	"Wed": "Don't touch.$u#$e#.Kiwi has knives.$a",
	"Thu": "%Kiwi is ignoring you",
	"Fri": "Hup hup hup.#$e#Go.",
	"Sat": "Kiwi does not like you.#$e#Shoo!$a",
	"Sun": "%Kiwi is ignoring you",
	
	"Mon2": "Don't annoy Kiwi.#$e#Shoo!$a",
	"Tue2": "%Kiwi is ignoring you",
	"Wed2": "Kiwi favorite things are sharp things.$h#$b#Swords and knives.$h#$e#You close? Kiwi stab! Shoo.$a",
	"Thu2": "%Kiwi is ignoring you",
	"Fri2": "Don't chase Kiwi.$a#$e#Hate follow.$a",
	"Sat2": "%Kiwi is ignoring you",
	"Sun2": "Jio wait for Kiwi!$s#$e#Oof!$u",
	
	"Mon4": "Kiwi is busy.#$e#Shoo!$a",
	"Tue4": "%Kiwi is ignoring you",
	"Wed4": "You faster than Kiwi?#$e#No. You slow!",
	"Thu4": "%Kiwi is ignoring you",
	"Fri4": "Kiwi vanish now.#$e#Shoo!$a",
	"Sat4": "%Kiwi is ignoring you",
	"Sun4": "Kiwi not like other junimo.#$e#Shoo!$a",
	
	"Mon6": "Kiwi see you more maybe.#$e#Hmm?$j",
	"Tue6": "Kiwi favorite thing is making blades sharp.$h#$e#Don't touch! $a",
	"Wed6": "%Kiwi is ignoring you",
	"Thu6": "You good person. Kiwi still suspicious.$a#$e#Don't follow Kiwi.",
	"Fri6": "%Kiwi is ignoring you",
	"Sat6": "Some human chase Kiwi.#$e#Kiwi hate chase. Is annoying.$a",
	"Sun6": "Other junimo are like family but Kiwi not for family..$s#$e#Shoo!$a",
	
	"Mon8": "Kiwi like you.$h#$e#Shee!$h",
	"Tue8": "Want to train with Kiwi?#$e#Hup hup!$h",
	"Wed8": "Kiwi does not like talk much.#$e#Kiwi train.",
	"Thu8": "Jio is good friend. Jio long time friend.$h#$e#Jio very nice to Kiwi.$h",
	"Fri8": "Kiwi like frontflips.$h#$e#Can friend flip front?",
	"Sat8": "Friend be quick and quiet too?#$e#Kiwi and Jio's boss can teach. Boss not here today.$s",
	"Sun8": "Kiwi have special weapon for junimo.#$e#No touch.$a#$b#Too small for human.",
	
	"Mon10": "Kiwi make own weapons.#$e#You want?$4",
	"Tue10": "Kiwi think you  good friend.#$e#Kiwi happy Kiwi meet you.",
	"Wed10": "Shee! Hup hup!$h#$e#Friend! Kiwi happy to see you.$4",
	"Thu10": "Kiwi scared sometimes.$u#$b#Mission scary maybe.$s#$e#Kiwi get comfort from Jio.$h#$b#Jio good friend.#$e#Like you, maybe. $4",
	"Fri10": "Kiwi was bad junimo. Kiwi not like old junimo life.$s#$e#Kiwi banished.$s#$e#Now good Kiwi.$h#$b#Kiwi happy now.$h",
	"Sat10": "Truth, Kiwi love play with tiny human.$h#$e#Kiwi happy.$h",
	"Sun10": "Kiwi scared at ridge at night.$u#$e#But Kiwi has duty!$a#$e#Kiwi will do best!$h#$b#Make Jio proud! $h",
	
//Seasonal
	"spring_1": "Kiwi like springtime. Kiwi hide better in spring.$h",
	"summer_1": "Kiwi want to go to beach.#$b#Hup hup!$h",
	"fall_1": "Kiwi like to swim in leaves!$h#$b#Shee!$h",
	"winter_1": "Kiwi hate winter.$a#$b#Is cold.$u#$e#Kiwii bad hide in snow. Hmp! $a#$e#Shoo!",
	
}

