{

	"spring": "700 Town 24 54 0 kenneth_fixback/900 Town 25 61 3 kenneth_fixleft/930 Town 33 57 0 kenneth_fixback/1000 Town 37 68 1 kenneth_fixright/1030 Town 30 74 2 kenneth_fixfront/1100 Town 27 74 2 kenneth_fixfront/1130 Town 22 67 3 kenneth_fixleft/1200 RidgesideVillage 83 42 3/1400 RidgesideVillage 88 32 1/1800 KennethHouse 5 8 3/2200 KennethHouse 16 5 1 kenneth_sleep",
	"summer": "700 Town 24 54 0 kenneth_fixback/900 Town 25 61 3 kenneth_fixleft/930 Town 33 57 0 kenneth_fixback/1000 Town 37 68 1 kenneth_fixright/1030 Town 30 74 2 kenneth_fixfront/1100 Town 27 74 2 kenneth_fixfront/1130 Town 22 67 3 kenneth_fixleft/1200 RidgesideVillage 79 62 0/1800 KennethHouse 5 8 3/2200 KennethHouse 16 5 1 kenneth_sleep",
	"fall": "700 Town 24 54 0 kenneth_fixback/900 Town 25 61 3 kenneth_fixleft/930 Town 33 57 0 kenneth_fixback/1000 Town 37 68 1 kenneth_fixright/1030 Town 30 74 2 kenneth_fixfront/1100 Town 27 74 2 kenneth_fixfront/1130 Town 22 67 3 kenneth_fixleft/1200 ScienceHouse 2 22 1/1500 Mountain 20 26 2/1800 KennethHouse 5 8 3/2200 KennethHouse 16 5 1 kenneth_sleep",
	"winter": "700 Town 24 54 0 kenneth_fixback/900 Town 25 61 3 kenneth_fixleft/930 Town 33 57 0 kenneth_fixback/1000 Town 37 68 1 kenneth_fixright/1030 Town 30 74 2 kenneth_fixfront/1100 Town 27 74 2 kenneth_fixfront/1130 Town 22 67 3 kenneth_fixleft/1200 Mountain 30 21 0/1800 KennethHouse 5 8 3/2200 KennethHouse 16 5 1 kenneth_sleep",
	"rain": "800 LogCabinHotelLobby 2 12 1/900 LogCabinHotelLobby 2 5 0/1000 LogCabinHotelLobby 20 7 3/1100 LogCabinHotelLobby 23 7 1/1200 LogCabinHotelLobby 6 12 3/1300 LogCabinHotelLobby 24 16 0/1400 KennethHouse 5 8 3/2200 KennethHouse 16 5 1 kenneth_sleep",
	"Sun": "800 KennethHouse 10 5 0 square_3_1_0/1200 KennethHouse 2 5 3/1400 KennethHouse 1 10 0/1600 KennethHouse 13 10 1/1800 KennethHouse 5 8 3/2200 KennethHouse 16 5 1 kenneth_sleep",
	"Tue": "GOTO Sun",
	"Thu": "GOTO rain",
	"Fri": "GOTO Sun",
	
	//Marriage Schedule
	"marriage_Mon": "700 Town 24 54 0 kenneth_fixback/900 Town 25 61 3 kenneth_fixleft/930 Town 33 57 0 kenneth_fixback/1000 Town 37 68 1 kenneth_fixright/1030 Town 30 74 2 kenneth_fixfront/1100 Town 27 74 2 kenneth_fixfront/1130 Town 22 67 3 kenneth_fixleft/1200 RidgesideVillage 83 42 3/1400 RidgesideVillage 88 32 1/2200 BusStop -1 23 3",
	"marriage_Tue": "GOTO marriage_Sun",
	"marriage_Wed": "GOTO marriage_Mon",
	"marriage_Fri": "700 LogCabinHotelLobby 2 12 1/1000 LogCabinHotelLobby 20 7 3/1100 LogCabinHotelLobby 23 7 1/1200 LogCabinHotelLobby 6 12 3/1300 LogCabinHotelLobby 24 16 0/1800 BusStop -1 23 3",
	"marriage_Sun": "800 KennethHouse 10 5 0 square_3_1_0/1200 KennethHouse 2 5 3/1400 KennethHouse 1 10 0/1600 KennethHouse 13 10 1/1800 KennethHouse 5 8 3/2200 BusStop -1 23 3",
	
}