{

	"spring": "900 AguarLab 23 6 0 square_3_1_0/1400 RidgesideVillage 107 123 1/1700 AguarLab 22 9 0/1900 MaddieHouse 6 11 1/2200 MaddieHouse 20 5 0 maddie_sleep",
	"summer": "900 AguarLab 23 6 0 square_3_1_0/1400 RidgesideVillage 135 108 2/1700 AguarLab 22 9 0/1900 MaddieHouse 6 11 1/2200 MaddieHouse 20 5 0 maddie_sleep",
	"fall": "900 AguarLab 23 6 0 square_3_1_0/1400 RidgesideVillage 96 61 0/1700 AguarLab 22 9 0/1900 MaddieHouse 6 11 1/2200 MaddieHouse 20 5 0 maddie_sleep",
	"winter": "900 AguarLab 23 6 0 square_3_1_0/1400 RidgesideVillage 135 108 2/1700 AguarLab 22 9 0/1900 MaddieHouse 6 11 1/2200 MaddieHouse 20 5 0 maddie_sleep",
	"rain": "900 AguarLab 23 6 0 square_3_1_0/1400 RSVTheRidge 26 24 3/1700 AguarLab 22 9 0/1900 MaddieHouse 6 11 1/2200 MaddieHouse 20 5 0 maddie_sleep",
	"10": "700 AguarLab 23 26 0 square_3_1_0/1100 Beach 14 37 1/1400 SeedShop 12 20 0/1600 AguarLab 22 9 0/1900 MaddieHouse 6 11 1/2200 MaddieHouse 20 5 0 maddie_sleep",
	"20": "GOTO 10",
	"Sun": "900 MaddieHouse 8 5 0/1200 Mountain 16 8 2/1430 Mountain 31 22 0/1600 Mountain 48 26 1/1800 MaddieHouse 6 11 1/2200 MaddieHouse 20 5 0 maddie_sleep",
	
	//Marriage Schedule
	"marriage_Mon": "900 AguarLab 23 6 0 square_3_1_0/1400 RidgesideVillage 107 123 1/1700 AguarLab 22 9 0/2200 BusStop -1 23 3",
	"marriage_Wed": "900 AguarLab 23 6 0 square_3_1_0/1400 RidgesideVillage 135 108 2/1700 AguarLab 22 9 0/2200 BusStop -1 23 3",
	"marriage_Thu": "700 AguarLab 23 26 0 square_3_1_0/1100 Beach 14 37 1/1400 SeedShop 12 20 0/1600 AguarLab 22 9 0/2200 BusStop -1 23 3",
	"marriage_Fri": "1200 Mountain 16 8 2/1430 Mountain 31 22 0/1600 Mountain 48 26 1/2200 BusStop -1 23 3",

}