{
	"Name": "Fairytale Lionfish",
	"Description": "A special variant of a Lionfish. It's vibrant colors serves as camoflauge as they are found in the colorful coral reefs that have merged with gemstones. It is very rare and is said to bring luck on love to those who catches these.",
	"Category": "Fish",
	"Edibility": 10,
	"EdibleIsDrink": false,
	"EdibleBuffs": null,
	"Price": 3000,
	"IsColored": false,
	"GiftTastes":
	{
		"Love": ["Maddie"],
	},
	"NameLocalization":
	{
		//
	},
	"DescriptionLocalization":
	{
		//
	},
}