{

	"spring": "700 Custom_Ridgeside_LogCabinHotelLobby 11 6 2/1600 Custom_Ridgeside_RidgesideVillage 118 41 2/1800 Custom_Ridgeside_LogCabinHotel3rdFloor 21 11 1 ysabelle_ballet/2100 Custom_Ridgeside_LogCabinHotel2ndFloor 14 5 0 ysabelle_sleep",
	"summer": "700 Custom_Ridgeside_LogCabinHotelLobby 11 6 2/1530 Beach 34 14 2/1900 Custom_Ridgeside_LogCabinHotel3rdFloor 21 11 1 ysabelle_ballet/2100 Custom_Ridgeside_LogCabinHotel2ndFloor 14 5 0 ysabelle_sleep",
	"fall": "700 Custom_Ridgeside_LogCabinHotelLobby 11 6 2/1600 Custom_Ridgeside_RidgesideVillage 82 58 0/1800 Custom_Ridgeside_LogCabinHotel3rdFloor 21 11 1 ysabelle_ballet/2100 Custom_Ridgeside_LogCabinHotel2ndFloor 14 5 0 ysabelle_sleep",
	"winter": "700 Custom_Ridgeside_LogCabinHotelLobby 11 6 2/1600 Custom_Ridgeside_RidgesideVillage 118 41 2/1800 Custom_Ridgeside_LogCabinHotel3rdFloor 21 11 1 ysabelle_ballet/2100 Custom_Ridgeside_LogCabinHotel2ndFloor 14 5 0 ysabelle_sleep",
	"rain": "700 Custom_Ridgeside_LogCabinHotelLobby 11 6 2/1600 Custom_Ridgeside_LogCabinHotel3rdFloor 21 11 1 ysabelle_ballet/1900 Custom_Ridgeside_LogCabinHotel2ndFloor 16 5 1/2100 Custom_Ridgeside_LogCabinHotel2ndFloor 14 5 0 ysabelle_sleep",
	"Fri": "800 Custom_Ridgeside_RSVCliff 14 10 1/900 Town 27 23 2/1400 Town 54 71 0/1700 Saloon 36 22 1/2200 Custom_Ridgeside_LogCabinHotel2ndFloor 14 5 0 ysabelle_sleep",

	//Marriage Schedule
	"marriage_Mon": "700 Custom_Ridgeside_LogCabinHotelLobby 11 6 2/1600 Custom_Ridgeside_RidgesideVillage 118 41 2/1800 Custom_Ridgeside_LogCabinHotel3rdFloor 21 11 1 ysabelle_ballet/2200 BusStop -1 23 3",
	"marriage_Tue": "700 Custom_Ridgeside_LogCabinHotelLobby 11 6 2/1530 Beach 34 14 2/1900 Custom_Ridgeside_LogCabinHotel3rdFloor 21 11 1 ysabelle_ballet/2200 BusStop -1 23 3",
	"marriage_Wed": "700 Custom_Ridgeside_LogCabinHotelLobby 11 6 2/1600 Custom_Ridgeside_RidgesideVillage 82 58 0/1800 Custom_Ridgeside_LogCabinHotel3rdFloor 21 11 1 ysabelle_ballet/2200 BusStop -1 23 3",
	"marriage_Fri": "800 Custom_Ridgeside_RSVCliff 14 10 1/900 Town 27 23 2/1400 Town 54 71 0/1700 Saloon 36 22 1/2200 BusStop -1 23 3",

}