{

	"spring": "610 Custom_Ridgeside_EzekielHouse 17 7 2/1000 Custom_Ridgeside_RidgesideVillage 92 12 0 square_2_1_0/1500 Custom_Ridgeside_RidgesideVillage 85 64 2/1800 Custom_Ridgeside_EzekielHouse 16 17 2/2200 Custom_Ridgeside_EzekielHouse 4 5 0 ezekiel_sleep",
	"summer": "610 Custom_Ridgeside_EzekielHouse 17 7 2/1000 Custom_Ridgeside_Ridge 45 36 0/1500 Custom_Ridgeside_RidgesideVillage 85 64 3/1800 Custom_Ridgeside_EzekielHouse 16 17 2/2200 Custom_Ridgeside_EzekielHouse 4 5 0 ezekiel_sleep",
	"fall": "610 Custom_Ridgeside_EzekielHouse 17 7 2/1000 Custom_Ridgeside_RSVCliff 33 21 1/1500 Mountain 88 25 1/1800 Custom_Ridgeside_EzekielHouse 16 17 2/2200 Custom_Ridgeside_EzekielHouse 4 5 0 ezekiel_sleep",
	"winter": "610 Custom_Ridgeside_EzekielHouse 17 7 2/1000 Custom_Ridgeside_Ridge 45 36 0/1300 Custom_Ridgeside_EzekielHouse 16 17 2/1800 Custom_Ridgeside_EzekielHouse 17 7 2/2200 Custom_Ridgeside_EzekielHouse 4 5 0 ezekiel_sleep",
	"rain": "610 Custom_Ridgeside_EzekielHouse 17 7 2/1000 Custom_Ridgeside_LogCabinHotelLobby 26 15 3/1400 Custom_Ridgeside_LogCabinHotelLobby 2 12 1/1900 Custom_Ridgeside_EzekielHouse 4 5 0 ezekiel_sleep",
	"Fri": "610 Custom_Ridgeside_EzekielHouse 17 7 2/800 SeedShop 14 24 2/1600 Saloon 6 19 1/1900 Custom_Ridgeside_EzekielHouse 4 5 0 ezekiel_sleep",
	"Mon": "610 Ridge 45 36 0/1000 Custom_Ridgeside_RidgesideVillage 45 53 3/1800 Custom_Ridgeside_EzekielHouse 17 7 2/2200 Custom_Ridgeside_EzekielHouse 4 5 0 ezekiel_sleep",
	
}