{

"spring": "610 Custom_Ridgeside_AguarLab 17 16 0 square_3_1_0/1200 Custom_Ridgeside_RidgesideVillage 120 106 2 square_5_1_2/1600 Custom_Ridgeside_AguarLab 20 5 1 aguar_bottle/2000 Custom_Ridgeside_AguarBasement 2 8 2 aguar_sleep",
"summer": "610 Custom_Ridgeside_AguarLab 12 8 0 square_2_1_0/1200 Custom_Ridgeside_RidgesideVillage 30 57 3 square_1_2_3/1600 Custom_Ridgeside_AguarLab 20 5 1 aguar_bottle/2000 Custom_Ridgeside_AguarBasement 2 8 2 aguar_sleep",
"fall": "610 Custom_Ridgeside_AguarLab 17 14 2 square_3_1_2/1200 Custom_Ridgeside_RidgesideVillage 120 106 2 square_5_1_2/1600 Custom_Ridgeside_RidgesideVillage 30 57 3 square_1_2_3/2000 Custom_Ridgeside_AguarBasement 2 8 2 aguar_sleep",
"winter": "610 Custom_Ridgeside_AguarLab 12 8 0 square_2_1_0/1200 Custom_Ridgeside_RidgesideVillage 120 106 2 square_5_1_2/1600 Custom_Ridgeside_AguarLab 20 5 1 aguar_bottle/2000 Custom_Ridgeside_AguarBasement 2 8 2 aguar_sleep",
"rain": "610 Custom_Ridgeside_RidgesideVillage 120 106 2 square_5_1_2/1200 Custom_Ridgeside_AguarLab 17 16 0 square_3_1_0/2000 Custom_Ridgeside_AguarBasement 2 8 2 aguar_sleep",
"Tue": "800 SeedShop 16 19 3/1400 Forest 35 18 2 aguar_bottle/1800 Custom_Ridgeside_AguarLab 17 16 0 square_3_1_0/2200 Custom_Ridgeside_AguarBasement 2 8 2 aguar_sleep",
"Sat": "610 Custom_Ridgeside_AguarBasement 7 8 2 aguar_meditate/1200 Custom_Ridgeside_LennyHouse 8 8 1/1600 Custom_Ridgeside_RidgesideVillage 88 59 0/1900 Custom_Ridgeside_AguarLab 20 5 1 aguar_bottle/2000 Custom_Ridgeside_AguarBasement 2 8 2 aguar_sleep",
"Sun": "GOTO Sat",


}