{

	"spring": "610 Custom_Ridgeside_RSVNinjaHouse 8 6 2 jio_meditate/1200 Custom_Ridgeside_Ridge 76 38 0/2000 Custom_Ridgeside_Ridge 63 32 1/2400 Custom_Ridgeside_RSVNinjaHouse 14 5 0 jio_sleep",
	"summer": "610 Custom_Ridgeside_RSVNinjaHouse 8 6 2 jio_meditate/1200 Custom_Ridgeside_Ridge 76 38 0/2000 Custom_Ridgeside_Ridge 63 32 1/2400 Custom_Ridgeside_RSVNinjaHouse 14 5 0 jio_sleep",
	"fall": "610 Custom_Ridgeside_RSVNinjaHouse 8 6 2 jio_meditate/1200 Custom_Ridgeside_Ridge 76 38 0/2000 Ridge 63 32 1/2400 Custom_Ridgeside_RSVNinjaHouse 14 5 0 jio_sleep",
	"winter": "610 Custom_Ridgeside_RSVNinjaHouse 8 6 2 jio_meditate/1200 Custom_Ridgeside_Ridge 76 38 0/2000 Custom_Ridgeside_Ridge 63 32 1/2400 Custom_Ridgeside_RSVNinjaHouse 14 5 0 jio_sleep",
	"rain": "610 Custom_Ridgeside_RSVNinjaHouse 8 6 2 jio_meditate/1200 Custom_Ridgeside_Ridge 76 38 0/2000 Custom_Ridgeside_Ridge 63 32 1/2400 Custom_Ridgeside_RSVNinjaHouse 14 5 0 jio_sleep",
	"3": "610 Custom_Ridgeside_RSVNinjaHouse 8 6 2 jio_meditate/1200 Custom_Ridgeside_RidgesideVillage 137 87 0/2200 Custom_Ridgeside_RSVNinjaHouse 14 5 0 jio_sleep",
	"14": "GOTO 3",
	"20": "GOTO 3",
	
}