{

	"spring": "800 Custom_Ridgeside_RidgesideVillage 10 61 1/1200 Custom_Ridgeside_RidgesideVillage 30 65 2/1600 Custom_Ridgeside_RidgesideVillage 110 49 2/1900 Custom_Ridgeside_FreddieHouse 15 11 3/2200 Custom_Ridgeside_FreddieHouse 5 5 0 lola_sleep",
	"summer": "800 Custom_Ridgeside_RidgesideVillage 10 61 1/1200 Custom_Ridgeside_RidgesideVillage 24 61 1/1600 Custom_Ridgeside_RidgesideVillage 92 64 3/1900 Custom_Ridgeside_FreddieHouse 15 11 3/2200 Custom_Ridgeside_FreddieHouse 5 5 0 lola_sleep",
	"fall": "800 Custom_Ridgeside_RidgesideVillage 10 61 1/1200 Custom_Ridgeside_RidgesideVillage 13 70 2/1600 Custom_Ridgeside_RidgesideVillage 110 49 2/1900 Custom_Ridgeside_FreddieHouse 15 11 3/2200 Custom_Ridgeside_FreddieHouse 5 5 0 lola_sleep",
	"winter": "800 Custom_Ridgeside_FreddieHouse 10 5 0/1200 Custom_Ridgeside_FreddieHouse 15 11 3/1600 Custom_Ridgeside_LolaShed 16 5 3/2200 Custom_Ridgeside_FreddieHouse 5 5 0 lola_sleep",
	"rain": "800 Custom_Ridgeside_FreddieHouse 10 5 0/1200 Custom_Ridgeside_LolaShed 16 5 3/1600 Custom_Ridgeside_LolaShed 3 5 2/1800 Custom_Ridgeside_FreddieHouse 15 11 3/2200 Custom_Ridgeside_FreddieHouse 5 5 0 lola_sleep",
	"Wed": "800 Custom_Ridgeside_RidgesideVillage 10 61 1/1200 Custom_Ridgeside_RidgesideVillage 111 23 2/1500 Custom_Ridgeside_RidgesideVillage 79 61 2/1900 Custom_Ridgeside_FreddieHouse 5 5 0 lola_sleep",
	"Fri": "610 Custom_Ridgeside_Ridge 14 33 0/1200 Custom_Ridgeside_RidgesideVillage 79 61 2/1600 Custom_Ridgeside_Ridge 10 61 1/1900 Custom_Ridgeside_FreddieHouse 5 11 3/2200 Custom_Ridgeside_FreddieHouse 5 5 0 lola_sleep",
	
}