{
"Changes": [
	
	//MAP Strings
	{
		"Action": "EditData",
		"Target": "Strings/StringsFromMaps",
		"Entries": {
				"rsv.close": "{{i18n:MapString.rsv.close}}",
				
				"rsv.trash": "{{i18n:MapString.rsv.trash}}",
				
				"rsv.blocked": "{{i18n:MapString.rsv.blocked}}",
				
				"rsv.crystal": "{{i18n:MapString.rsv.crystal}}",
				
				"rsv.cleantrash": "{{i18n:MapString.rsv.cleantrash}}",
				
				"rsv.noquestboard": "{{i18n:MapString.rsv.noquestboard}}",
				
				"rsv.1": "{{i18n:MapString.rsv.1}}",
				"rsv.2": "{{i18n:MapString.rsv.2}}",
				"rsv.3": "{{i18n:MapString.rsv.3}}",
				"rsv.4": "{{i18n:MapString.rsv.4}}",
				"rsv.5": "{{i18n:MapString.rsv.5}}",
				"rsv.6": "{{i18n:MapString.rsv.6}}",
				"rsv.7": "{{i18n:MapString.rsv.7}}",
				"rsv.8": "{{i18n:MapString.rsv.8}}",
				"rsv.9": "{{i18n:MapString.rsv.9}}",
				"rsv.10": "{{i18n:MapString.rsv.10}}",
				"rsv.11": "{{i18n:MapString.rsv.11}}",
				"rsv.12": "{{i18n:MapString.rsv.12}}",
				"rsv.13": "{{i18n:MapString.rsv.13}}",
				"rsv.14": "{{i18n:MapString.rsv.14}}",
				"rsv.15": "{{i18n:MapString.rsv.15}}",
				"rsv.16": "{{i18n:MapString.rsv.16}}",
				"rsv.17": "{{i18n:MapString.rsv.17}}",
				"rsv.18": "{{i18n:MapString.rsv.18}}",
				"rsv.19": "{{i18n:MapString.rsv.19}}",
				"rsv.20": "{{i18n:MapString.rsv.20}}",
				"rsv.21": "{{i18n:MapString.rsv.21}}",
				"rsv.22": "{{i18n:MapString.rsv.22}}",
				"rsv.23": "{{i18n:MapString.rsv.23}}",
				"rsv.24": "{{i18n:MapString.rsv.24}}",
				"rsv.25": "{{i18n:MapString.rsv.25}}",
				"rsv.26": "{{i18n:MapString.rsv.26}}",
				"rsv.27": "{{i18n:MapString.rsv.27}}",
				"rsv.28": "{{i18n:MapString.rsv.28}}",
				"rsv.29": "{{i18n:MapString.rsv.29}}",
				"rsv.30": "{{i18n:MapString.rsv.30}}",
				"rsv.31": "{{i18n:MapString.rsv.31}}",
				"rsv.32": "{{i18n:MapString.rsv.32}}",
				"rsv.33": "{{i18n:MapString.rsv.33}}",
				"rsv.34": "{{i18n:MapString.rsv.34}}",
				"rsv.35": "{{i18n:MapString.rsv.35}}",
				"rsv.36": "{{i18n:MapString.rsv.36}}",
				"rsv.37": "{{i18n:MapString.rsv.37}}",
				"rsv.38": "{{i18n:MapString.rsv.38}}",
				"rsv.39": "{{i18n:MapString.rsv.39}}",
				"rsv.40": "{{i18n:MapString.rsv.40}}",
				"rsv.41": "{{i18n:MapString.rsv.41}}",
				"rsv.42": "{{i18n:MapString.rsv.42}}",
				"rsv.43": "{{i18n:MapString.rsv.43}}",
				"rsv.44": "{{i18n:MapString.rsv.44}}",
				"rsv.45": "{{i18n:MapString.rsv.45}}",
				"rsv.46": "{{i18n:MapString.rsv.46}}",
				"rsv.47": "{{i18n:MapString.rsv.47}}",
				"rsv.48": "{{i18n:MapString.rsv.48}}",
				"rsv.49": "{{i18n:MapString.rsv.49}}",
				"rsv.50": "{{i18n:MapString.rsv.50}}",
				"rsv.51": "{{i18n:MapString.rsv.51}}",
				
				"rsv.nobalcony": "{{i18n:MapString.rsv.nobalcony}}",
				
				"rsv.aguarbasement1": "{{i18n:MapString.rsv.aguarbasement1}}",
				"rsv.aguarbasement2": "{{i18n:MapString.rsv.aguarbasement2}}",
				"rsv.aguarbasement3": "{{i18n:MapString.rsv.aguarbasement3}}",
				
				"rsv.aguarlab1": "{{i18n:MapString.rsv.aguarlab1}}",
				"rsv.aguarlab2": "{{i18n:MapString.rsv.aguarlab2}}",
				"rsv.aguarlab3": "{{i18n:MapString.rsv.aguarlab3}}",
				"rsv.aguarlab4": "{{i18n:MapString.rsv.aguarlab4}}",
				"rsv.aguarlab5": "{{i18n:MapString.rsv.aguarlab5}}",
				"rsv.aguarlab6": "{{i18n:MapString.rsv.aguarlab6}}",
				"rsv.aguarlab7": "{{i18n:MapString.rsv.aguarlab7}}",
				"rsv.aguarlab8": "{{i18n:MapString.rsv.aguarlab8}}",
				"rsv.aguarlab9": "{{i18n:MapString.rsv.aguarlab9}}",
				"rsv.aguarlab10": "{{i18n:MapString.rsv.aguarlab10}}",
				"rsv.aguarlab11": "{{i18n:MapString.rsv.aguarlab11}}",
				"rsv.aguarlab12": "{{i18n:MapString.rsv.aguarlab12}}",
				"rsv.aguarlab13": "{{i18n:MapString.rsv.aguarlab13}}",
				"rsv.aguarlab14": "{{i18n:MapString.rsv.aguarlab14}}",
				"rsv.aguarlab15": "{{i18n:MapString.rsv.aguarlab15}}",
				"rsv.aguarlab16": "{{i18n:MapString.rsv.aguarlab16}}",
				"rsv.aguarlab17": "{{i18n:MapString.rsv.aguarlab17}}",
				"rsv.aguarlab18": "{{i18n:MapString.rsv.aguarlab18}}",
				"rsv.aguarlab19": "{{i18n:MapString.rsv.aguarlab19}}",
				"rsv.aguarlab20": "{{i18n:MapString.rsv.aguarlab20}}",
				"rsv.aguarlab21": "{{i18n:MapString.rsv.aguarlab21}}",
				"rsv.aguarlab22": "{{i18n:MapString.rsv.aguarlab22}}",
				"rsv.aguarlab23": "{{i18n:MapString.rsv.aguarlab23}}",
				
				"rsv.alissa1": "{{i18n:MapString.rsv.alissa1}}",
				"rsv.alissa2": "{{i18n:MapString.rsv.alissa2}}",
				"rsv.alissa3": "{{i18n:MapString.rsv.alissa3}}",
				"rsv.alissa4": "{{i18n:MapString.rsv.alissa4}}",
				"rsv.alissa5": "{{i18n:MapString.rsv.alissa5}}",
				"rsv.alissa6": "{{i18n:MapString.rsv.alissa6}}",
				"rsv.alissa7": "{{i18n:MapString.rsv.alissa7}}",
				"rsv.alissa8": "{{i18n:MapString.rsv.alissa8}}",
				"rsv.alissa9": "{{i18n:MapString.rsv.alissa9}}",
				"rsv.alissa10": "{{i18n:MapString.rsv.alissa10}}",
				
				"rsv.bert1": "{{i18n:MapString.rsv.bert1}}",
				"rsv.bert2": "{{i18n:MapString.rsv.bert2}}",
				"rsv.bert3": "{{i18n:MapString.rsv.bert3}}",
				"rsv.bert4": "{{i18n:MapString.rsv.bert4}}",
				"rsv.bert5": "{{i18n:MapString.rsv.bert5}}",
				"rsv.bert6": "{{i18n:MapString.rsv.bert6}}",
				"rsv.bert7": "{{i18n:MapString.rsv.bert7}}",
				"rsv.bert8": "{{i18n:MapString.rsv.bert8}}",
				"rsv.bert9": "{{i18n:MapString.rsv.bert9}}",
				"rsv.bert10": "{{i18n:MapString.rsv.bert10}}",
				"rsv.bert11": "{{i18n:MapString.rsv.bert11}}",
				"rsv.bert12": "{{i18n:MapString.rsv.bert12}}",
				"rsv.bert13": "{{i18n:MapString.rsv.bert13}}",
				"rsv.bert14": "{{i18n:MapString.rsv.bert14}}",
				"rsv.bert15": "{{i18n:MapString.rsv.bert15}}",
				"rsv.bert16": "{{i18n:MapString.rsv.bert16}}",
				"rsv.bert17": "{{i18n:MapString.rsv.bert17}}",
				"rsv.bert18": "{{i18n:MapString.rsv.bert18}}",
				"rsv.bert19": "{{i18n:MapString.rsv.bert19}}",
				"rsv.bert20": "{{i18n:MapString.rsv.bert20}}",
				"rsv.bert21": "{{i18n:MapString.rsv.bert21}}",
				"rsv.bert22": "{{i18n:MapString.rsv.bert22}}",
				
				"rsv.ezekiel1": "{{i18n:MapString.rsv.ezekiel1}}",
				"rsv.ezekiel2": "{{i18n:MapString.rsv.ezekiel2}}",
				"rsv.ezekiel3": "{{i18n:MapString.rsv.ezekiel3}}",
				"rsv.ezekiel4": "{{i18n:MapString.rsv.ezekiel4}}",
				"rsv.ezekiel5": "{{i18n:MapString.rsv.ezekiel5}}",
				"rsv.ezekiel6": "{{i18n:MapString.rsv.ezekiel6}}",
				"rsv.ezekiel7": "{{i18n:MapString.rsv.ezekiel7}}",
				"rsv.ezekiel8": "{{i18n:MapString.rsv.ezekiel8}}",
				"rsv.ezekiel9": "{{i18n:MapString.rsv.ezekiel9}}",
				"rsv.ezekiel10": "{{i18n:MapString.rsv.ezekiel10}}",
				"rsv.ezekiel11": "{{i18n:MapString.rsv.ezekiel11}}",
				"rsv.ezekiel12": "{{i18n:MapString.rsv.ezekiel12}}",
				"rsv.ezekiel13": "{{i18n:MapString.rsv.ezekiel13}}",
				"rsv.ezekiel14": "{{i18n:MapString.rsv.ezekiel14}}",
				"rsv.ezekiel15": "{{i18n:MapString.rsv.ezekiel15}}",
				"rsv.ezekiel16": "{{i18n:MapString.rsv.ezekiel16}}",
				"rsv.ezekiel17": "{{i18n:MapString.rsv.ezekiel17}}",
				"rsv.ezekiel18": "{{i18n:MapString.rsv.ezekiel18}}",
				"rsv.ezekiel19": "{{i18n:MapString.rsv.ezekiel19}}",
				"rsv.ezekiel20": "{{i18n:MapString.rsv.ezekiel20}}",
				"rsv.ezekiel21": "{{i18n:MapString.rsv.ezekiel21}}",
				"rsv.ezekiel22": "{{i18n:MapString.rsv.ezekiel22}}",
				
				"rsv.freddie1": "{{i18n:MapString.rsv.freddie1}}",
				"rsv.freddie2": "{{i18n:MapString.rsv.freddie2}}",
				"rsv.freddie3": "{{i18n:MapString.rsv.freddie3}}",
				"rsv.freddie4": "{{i18n:MapString.rsv.freddie4}}",
				"rsv.freddie5": "{{i18n:MapString.rsv.freddie5}}",
				"rsv.freddie6": "{{i18n:MapString.rsv.freddie6}}",
				"rsv.freddie7": "{{i18n:MapString.rsv.freddie7}}",
				"rsv.freddie8": "{{i18n:MapString.rsv.freddie8}}",
				"rsv.freddie9": "{{i18n:MapString.rsv.freddie9}}",
				
				"rsv.ian1": "{{i18n:MapString.rsv.ian1}}",
				"rsv.ian2": "{{i18n:MapString.rsv.ian2}}",
				"rsv.ian3": "{{i18n:MapString.rsv.ian3}}",
				"rsv.ian4": "{{i18n:MapString.rsv.ian4}}",
				"rsv.ian5": "{{i18n:MapString.rsv.ian5}}",
				"rsv.ian6": "{{i18n:MapString.rsv.ian6}}",
				"rsv.ian7": "{{i18n:MapString.rsv.ian7}}",
				"rsv.ian8": "{{i18n:MapString.rsv.ian8}}",
				"rsv.ian9": "{{i18n:MapString.rsv.ian9}}",
				"rsv.ian10": "{{i18n:MapString.rsv.ian10}}",
				"rsv.ian11": "{{i18n:MapString.rsv.ian11}}",
				"rsv.ian12": "{{i18n:MapString.rsv.ian12}}",
				
				"rsv.jeric1": "{{i18n:MapString.rsv.jeric1}}",
				"rsv.jeric2": "{{i18n:MapString.rsv.jeric2}}",
				"rsv.jeric3": "{{i18n:MapString.rsv.jeric3}}",
				"rsv.jeric4": "{{i18n:MapString.rsv.jeric4}}",
				"rsv.jeric5": "{{i18n:MapString.rsv.jeric5}}",
				"rsv.jeric6": "{{i18n:MapString.rsv.jeric6}}",
				"rsv.jeric7": "{{i18n:MapString.rsv.jeric7}}",
				"rsv.jeric8": "{{i18n:MapString.rsv.jeric8}}",
				
				"rsv.kenneth1": "{{i18n:MapString.rsv.kenneth1}}",
				"rsv.kenneth2": "{{i18n:MapString.rsv.kenneth2}}",
				"rsv.kenneth3": "{{i18n:MapString.rsv.kenneth3}}",
				"rsv.kenneth4": "{{i18n:MapString.rsv.kenneth4}}",
				"rsv.kenneth5": "{{i18n:MapString.rsv.kenneth5}}",
				"rsv.kenneth6": "{{i18n:MapString.rsv.kenneth6}}",
				"rsv.kenneth7": "{{i18n:MapString.rsv.kenneth7}}",
				"rsv.kenneth8": "{{i18n:MapString.rsv.kenneth8}}",
				"rsv.kenneth9": "{{i18n:MapString.rsv.kenneth9}}",
				"rsv.kenneth10": "{{i18n:MapString.rsv.kenneth10}}",
				"rsv.kenneth11": "{{i18n:MapString.rsv.kenneth11}}",
				"rsv.kenneth12": "{{i18n:MapString.rsv.kenneth12}}",
				"rsv.kenneth13": "{{i18n:MapString.rsv.kenneth13}}",
				"rsv.kenneth14": "{{i18n:MapString.rsv.kenneth14}}",
				"rsv.kenneth15": "{{i18n:MapString.rsv.kenneth15}}",
				
				"rsv.lenny1": "{{i18n:MapString.rsv.lenny1}}",
				"rsv.lenny2": "{{i18n:MapString.rsv.lenny2}}",
				"rsv.lenny3": "{{i18n:MapString.rsv.lenny3}}",
				"rsv.lenny4": "{{i18n:MapString.rsv.lenny4}}",
				"rsv.lenny5": "{{i18n:MapString.rsv.lenny5}}",
				"rsv.lenny6": "{{i18n:MapString.rsv.lenny6}}",
				"rsv.lenny7": "{{i18n:MapString.rsv.lenny7}}",
				"rsv.lenny8": "{{i18n:MapString.rsv.lenny8}}",
				"rsv.lenny9": "{{i18n:MapString.rsv.lenny9}}",
				"rsv.lenny10": "{{i18n:MapString.rsv.lenny10}}",
				"rsv.lenny11": "{{i18n:MapString.rsv.lenny11}}",
				"rsv.lenny12": "{{i18n:MapString.rsv.lenny12}}",
				
				"rsv.lolashed1": "{{i18n:MapString.rsv.lolashed1}}",
				"rsv.lolashed2": "{{i18n:MapString.rsv.lolashed2}}",
				"rsv.lolashed3": "{{i18n:MapString.rsv.lolashed3}}",
				"rsv.lolashed4": "{{i18n:MapString.rsv.lolashed4}}",
				"rsv.lolashed5": "{{i18n:MapString.rsv.lolashed5}}",
				"rsv.lolashed6": "{{i18n:MapString.rsv.lolashed6}}",
				"rsv.lolashed7": "{{i18n:MapString.rsv.lolashed7}}",
				"rsv.lolashed8": "{{i18n:MapString.rsv.lolashed8}}",
				"rsv.lolashed9": "{{i18n:MapString.rsv.lolashed9}}",
				"rsv.lolashed10": "{{i18n:MapString.rsv.lolashed10}}",
				"rsv.lolashed11": "{{i18n:MapString.rsv.lolashed11}}",
				"rsv.lolashed12": "{{i18n:MapString.rsv.lolashed12}}",
				"rsv.lolashed13": "{{i18n:MapString.rsv.lolashed13}}",
				"rsv.lolashed14": "{{i18n:MapString.rsv.lolashed14}}",
				
				"rsv.hotel1": "{{i18n:MapString.rsv.hotel1}}",
				"rsv.hotel2": "{{i18n:MapString.rsv.hotel2}}",
				"rsv.hotel3": "{{i18n:MapString.rsv.hotel3}}",
				"rsv.hotel4": "{{i18n:MapString.rsv.hotel4}}",
				"rsv.hotel5": "{{i18n:MapString.rsv.hotel5}}",
				"rsv.hotel6": "{{i18n:MapString.rsv.hotel6}}",
				"rsv.hotel7": "{{i18n:MapString.rsv.hotel7}}",
				"rsv.hotel8": "{{i18n:MapString.rsv.hotel8}}",
				"rsv.hotel9": "{{i18n:MapString.rsv.hotel9}}",
				"rsv.hotel10": "{{i18n:MapString.rsv.hotel10}}",
				"rsv.hotel11": "{{i18n:MapString.rsv.hotel11}}",
				"rsv.hotel12": "{{i18n:MapString.rsv.hotel12}}",
				"rsv.hotel13": "{{i18n:MapString.rsv.hotel13}}",
				"rsv.hotel14": "{{i18n:MapString.rsv.hotel14}}",
				"rsv.hotel15": "{{i18n:MapString.rsv.hotel15}}",
				"rsv.hotel16": "{{i18n:MapString.rsv.hotel16}}",
				"rsv.hotel17": "{{i18n:MapString.rsv.hotel17}}",
				"rsv.hotel18": "{{i18n:MapString.rsv.hotel18}}",
				"rsv.hotel19": "{{i18n:MapString.rsv.hotel19}}",
				"rsv.hotel20": "{{i18n:MapString.rsv.hotel20}}",
				"rsv.hotel21": "{{i18n:MapString.rsv.hotel21}}",
				"rsv.hotel22": "{{i18n:MapString.rsv.hotel22}}",
				"rsv.hotel23": "{{i18n:MapString.rsv.hotel23}}",
				"rsv.hotel24": "{{i18n:MapString.rsv.hotel24}}",
				"rsv.hotel25": "{{i18n:MapString.rsv.hotel25}}",
				"rsv.hotel26": "{{i18n:MapString.rsv.hotel26}}",
				"rsv.hotel27": "{{i18n:MapString.rsv.hotel27}}",
				"rsv.hotel28": "{{i18n:MapString.rsv.hotel28}}",
				"rsv.hotel29": "{{i18n:MapString.rsv.hotel29}}",
				"rsv.hotel30": "{{i18n:MapString.rsv.hotel30}}",
				"rsv.hotel31": "{{i18n:MapString.rsv.hotel31}}",
				"rsv.hotel32": "{{i18n:MapString.rsv.hotel32}}",
				"rsv.hotel33": "{{i18n:MapString.rsv.hotel33}}",
				
				"rsv.logcabinhotel1": "{{i18n:MapString.rsv.logcabinhotel1}}",
				
				"rsv.maddie1": "{{i18n:MapString.rsv.maddie1}}",
				"rsv.maddie2": "{{i18n:MapString.rsv.maddie2}}",
				"rsv.maddie3": "{{i18n:MapString.rsv.maddie3}}",
				"rsv.maddie4": "{{i18n:MapString.rsv.maddie4}}",
				"rsv.maddie5": "{{i18n:MapString.rsv.maddie5}}",
				"rsv.maddie6": "{{i18n:MapString.rsv.maddie6}}",
				"rsv.maddie7": "{{i18n:MapString.rsv.maddie7}}",
				"rsv.maddie8": "{{i18n:MapString.rsv.maddie8}}",
				"rsv.maddie9": "{{i18n:MapString.rsv.maddie9}}",
				"rsv.maddie10": "{{i18n:MapString.rsv.maddie10}}",
				"rsv.maddie11": "{{i18n:MapString.rsv.maddie11}}",
				
				"rsv.pika1": "{{i18n:MapString.rsv.pika1}}",
				"rsv.pika2": "{{i18n:MapString.rsv.pika2}}",
				"rsv.pika3": "{{i18n:MapString.rsv.pika3}}",
				"rsv.pika4": "{{i18n:MapString.rsv.pika4}}",
				"rsv.pika5": "{{i18n:MapString.rsv.pika5}}",
				"rsv.pika6": "{{i18n:MapString.rsv.pika6}}",
				"rsv.pika7": "{{i18n:MapString.rsv.pika7}}",
				"rsv.pika8": "{{i18n:MapString.rsv.pika8}}",
				"rsv.pika9": "{{i18n:MapString.rsv.pika9}}",
				
				"rsv.sign1": "{{i18n:MapString.rsv.sign1}}",
				"rsv.sign2": "{{i18n:MapString.rsv.sign2}}",
				"rsv.sign3": "{{i18n:MapString.rsv.sign3}}",
				"rsv.sign4": "{{i18n:MapString.rsv.sign4}}",
				
				"rsv.bench": "{{i18n:MapString.rsv.bench}}",

				"rsv.cliffblock": "{{i18n:MapString.rsv.cliffblock}}",
				
				"rsv.ninja1": "{{i18n:MapString.rsv.ninja1}}",
				"rsv.ninja2": "{{i18n:MapString.rsv.ninja2}}",
				"rsv.ninja3": "{{i18n:MapString.rsv.ninja3}}",
				"rsv.ninja4": "{{i18n:MapString.rsv.ninja4}}",
				"rsv.ninja5": "{{i18n:MapString.rsv.ninja5}}",
				
				"rsv.shiro1": "{{i18n:MapString.rsv.shiro1}}",
				"rsv.shiro2": "{{i18n:MapString.rsv.shiro2}}",
				"rsv.shiro3": "{{i18n:MapString.rsv.shiro3}}",
				"rsv.shiro4": "{{i18n:MapString.rsv.shiro4}}",
				"rsv.shiro5": "{{i18n:MapString.rsv.shiro5}}",
				"rsv.shiro6": "{{i18n:MapString.rsv.shiro6}}",
				"rsv.shiro7": "{{i18n:MapString.rsv.shiro7}}",
				"rsv.shiro8": "{{i18n:MapString.rsv.shiro8}}",
				"rsv.shiro9": "{{i18n:MapString.rsv.shiro9}}",
				"rsv.shiro10": "{{i18n:MapString.rsv.shiro10}}",
				
				"rsv.cliffhouseclose": "{{i18n:MapString.rsv.cliffhouseclose}}",
				
				"rsv.undreyapeek": "{{i18n:MapString.rsv.undreyapeek}}",
				
				"rsv.grave1": "{{i18n:MapString.rsv.grave1}}",
				
				"rsv.brokencart": "{{i18n:MapString.rsv.brokencart}}",
				
				"rsv.ridgeforest1": "{{i18n:MapString.rsv.ridgeforest1}}",
				"rsv.ridgeforest2": "{{i18n:MapString.rsv.ridgeforest2}}",
				"rsv.ridgeforest3": "{{i18n:MapString.rsv.ridgeforest3}}",
				"rsv.ridgeforest4": "{{i18n:MapString.rsv.ridgeforest4}}",
				
				"rsv.treehouselock": "{{i18n:MapString.rsv.treehouselock}}",
				
				"rsv.tentlock": "{{i18n:MapString.rsv.tentlock}}",
				
				"rsv.fallshint1": "{{i18n:MapString.rsv.fallshint1}}",
				"rsv.fallshint2": "{{i18n:MapString.rsv.fallshint2}}",
				
				"rsv.mysticfalls1": "{{i18n:MapString.rsv.mysticfalls1}}",
				"rsv.mysticfalls2": "{{i18n:MapString.rsv.mysticfalls2}}",
				"rsv.mysticfalls3": "{{i18n:MapString.rsv.mysticfalls3}}",
				
				"rsv.abandonedhouse1": "{{i18n:MapString.rsv.abandonedhouse1}}",
				"rsv.abandonedhouse2": "{{i18n:MapString.rsv.abandonedhouse2}}",
				"rsv.abandonedhouse3": "{{i18n:MapString.rsv.abandonedhouse3}}",
				"rsv.abandonedhouse4": "{{i18n:MapString.rsv.abandonedhouse4}}",
				"rsv.abandonedhouse5": "{{i18n:MapString.rsv.abandonedhouse5}}",
				},
	},

	
]
}
