{

	"spring": "610 BertHouse 6 8 3/1000 RidgesideVillage 90 119 0/1500 RidgesideVillage 82 61 2/2200 BertHouse2ndFloor 1 5 0 bert_sleep",
	"summer": "610 BertHouse 6 8 3/1000 RidgesideVillage 90 119 0/1600 RidgesideVillage 82 61 2/2200 BertHouse2ndFloor 1 5 0 bert_sleep",
	"fall": "610 BertHouse 6 8 3/900 RidgesideVillage 90 119 0/1200 RidgesideVillage 82 61 2/2200 BertHouse2ndFloor 1 5 0 bert_sleep",
	"winter": "610 BertHouse 6 8 3/1400 RidgesideVillage 82 61 2/2200 BertHouse2ndFloor 1 5 0 bert_sleep",
	"rain": "610 BertHouse 6 8 3/1600 Saloon 19 22 3/2200 BertHouse2ndFloor 1 5 0 bert_sleep",
	"Mon": "610 BertHouse 6 8 3/800 SeedShop 15 30 0/1200 ManorHouse 3 7 2/1800 BertHouse 6 8 3/2200 BertHouse2ndFloor 1 5 0 bert_sleep",
	"Fri": "GOTO Mon",
	"Sun": "800 BertHouse 11 13 0 square_3_1_0/1200 BertHouse 6 8 3/1600 BertHouse2ndFloor 5 5 0/2000 BertHouse 6 8 3/2200 BertHouse2ndFloor 1 5 0 bert_sleep",
	
}