{

	"spring": "800 RidgesideVillage 18 57 1/1200 RidgesideVillage 31 65 2/1600 RidgesideVillage 27 74 3/1900 FreddieHouse 5 15 0/2200 FreddieHouse 3 5 0 freddie_sleep",
	"summer": "800 RidgesideVillage 18 57 1/1200 RidgesideVillage 24 60 1/1600 RidgesideVillage 27 74 3/1900 FreddieHouse 5 15 0/2200 FreddieHouse 3 5 0 freddie_sleep",
	"fall": "800 RidgesideVillage 18 57 1/1200 RidgesideVillage 17 63 2/1600 RidgesideVillage 27 74 3/1900 FreddieHouse 5 15 0/2200 FreddieHouse 3 5 0 freddie_sleep",
	"winter": "800 FreddieHouse 5 15 0/1300 FreddieHouse 14 6 3/2200 FreddieHouse 3 5 0",
	"rain": "610 FreddieHouse 14 6 3/1500 LolaShed 11 10 2 square_6_1_2/1800 FreddieHouse 5 15 0/2200 FreddieHouse 3 5 0 freddie_sleep",
	"Wed": "800 RidgesideVillage 18 57 1/1200 RidgesideVillage 110 23 2/1500 RidgesideVillage 82 64 0/1900 FreddieHouse 3 5 0 freddie_sleep",
	"Fri": "610 RSVTheRidge 13 33 0/1200 RidgesideVillage 82 64 0/1600 RidgesideVillage 18 57 1/1900 FreddieHouse 3 5 0 freddie_sleep",
	
}