{

	"spring": "800 RidgesideVillage 10 61 1/1200 RidgesideVillage 30 65 2/1600 RidgesideVillage 110 49 2/1900 FreddieHouse 15 11 3/2200 FreddieHouse 5 5 0 lola_sleep",
	"summer": "800 RidgesideVillage 10 61 1/1200 RidgesideVillage 24 61 1/1600 RidgesideVillage 92 64 3/1900 FreddieHouse 15 11 3/2200 FreddieHouse 5 5 0 lola_sleep",
	"fall": "800 RidgesideVillage 10 61 1/1200 RidgesideVillage 13 70 2/1600 RidgesideVillage 110 49 2/1900 FreddieHouse 15 11 3/2200 FreddieHouse 5 5 0 lola_sleep",
	"winter": "800 FreddieHouse 10 5 0/1200 FreddieHouse 15 11 3/1600 LolaShed 16 5 3/2200 FreddieHouse 5 5 0 lola_sleep",
	"rain": "800 FreddieHouse 10 5 0/1200 LolaShed 16 5 3/1600 LolaShed 3 5 2/1800 FreddieHouse 15 11 3/2200 FreddieHouse 5 5 0 lola_sleep",
	"Wed": "800 RidgesideVillage 10 61 1/1200 RidgesideVillage 111 23 2/1500 RidgesideVillage 83 64 0/1900 FreddieHouse 5 5 0 lola_sleep",
	"Fri": "610 RSVTheRidge 14 33 0/1200 RidgesideVillage 83 64 0/1600 RSVTheRidge 10 61 1/1900 FreddieHouse 5 11 3/2200 FreddieHouse 5 5 0 lola_sleep",
	
}