{
  "Name": "Autumn Dew Drop Juice",
  "Description": "The flavor of the mountain fall season in a drink!",
  "Category": "Cooking",
  "Price": 200,
  "Edibility": 51,
  "EdibleIsDrink": true,
  "EdibleBuffs": {
    "Duration": 420,
    "Luck": 0,
    "Speed": 0,
    "MaxStamina": 0,
    "Farming": 0,
    "Fishing": 0,
    "Mining": 4,
    "Foraging": 0,
    "MagnetRadius": 0,
    "Defense": 0,
    "Attack": 0
  },
  "IsColored": false,
  "GiftTastes":{
    "Love": ["Sam", "Sebastian", "Shane", "Alex", "Harvey", "Elliott", "Vincent", "Jas"],
    "Like": ["Abigail", "Emily", "Haley", "Leah", "Maru", "Penny", "Caroline", "Jodi", "Sandy", "Demetrius", "Gus", "Pierre"],
    "Dislike": ["Krobus", "Dwarf"]
  },
  "NameLocalization":
    {
    },
    "DescriptionLocalization":
    {
    }
}