{
"Changes": [

	{
   "Action": "EditData",
   "Target": "Data/Festivals/summer11",
   "TextOperations": [
   
   //SetUp
		{
         "Operation": "Append",
         "Target": ["Entries", "Set-Up_additionalCharacters"],
         "Value": "Aguar 10 37 left",
         "Delimiter": "/"
		},
		{
         "Operation": "Append",
         "Target": ["Entries", "Set-Up_additionalCharacters"],
         "Value": "Alissa 25 13 left",
         "Delimiter": "/"
		},
		{
         "Operation": "Append",
         "Target": ["Entries", "Set-Up_additionalCharacters"],
         "Value": "Bert 23 9 right",
         "Delimiter": "/"
		},
		{
         "Operation": "Append",
         "Target": ["Entries", "Set-Up_additionalCharacters"],
         "Value": "Corine 18 17 right",
         "Delimiter": "/"
		},
		{
         "Operation": "Append",
         "Target": ["Entries", "Set-Up_additionalCharacters"],
         "Value": "Ezekiel 52 18 left",
         "Delimiter": "/"
		},
		{
         "Operation": "Append",
         "Target": ["Entries", "Set-Up_additionalCharacters"],
         "Value": "Flor 29 17 right",
         "Delimiter": "/"
		},
		{
         "Operation": "Append",
         "Target": ["Entries", "Set-Up_additionalCharacters"],
         "Value": "Freddie 19 12 right",
         "Delimiter": "/"
		},
		{
         "Operation": "Append",
         "Target": ["Entries", "Set-Up_additionalCharacters"],
         "Value": "Ian 35 36 down",
         "Delimiter": "/"
		},
		{
         "Operation": "Append",
         "Target": ["Entries", "Set-Up_additionalCharacters"],
         "Value": "Jeric 25 18 right",
         "Delimiter": "/"
		},
		{
         "Operation": "Append",
         "Target": ["Entries", "Set-Up_additionalCharacters"],
         "Value": "Keahi 13 8 down",
         "Delimiter": "/"
		},
		{
         "Operation": "Append",
         "Target": ["Entries", "Set-Up_additionalCharacters"],
         "Value": "Kenneth 22 6 down",
         "Delimiter": "/"
		},
		{
         "Operation": "Append",
         "Target": ["Entries", "Set-Up_additionalCharacters"],
         "Value": "Lenny 34 4 down",
         "Delimiter": "/"
		},
		{
         "Operation": "Append",
         "Target": ["Entries", "Set-Up_additionalCharacters"],
         "Value": "Lola 20 12 left",
         "Delimiter": "/"
		},
		{
         "Operation": "Append",
         "Target": ["Entries", "Set-Up_additionalCharacters"],
         "Value": "Maddie 32 19 up",
         "Delimiter": "/"
		},
		{
         "Operation": "Append",
         "Target": ["Entries", "Set-Up_additionalCharacters"],
         "Value": "Olga 24 9 left",
         "Delimiter": "/"
		},
		{
         "Operation": "Append",
         "Target": ["Entries", "Set-Up_additionalCharacters"],
         "Value": "Philip 14 16 down",
         "Delimiter": "/"
		},
		{
         "Operation": "Append",
         "Target": ["Entries", "Set-Up_additionalCharacters"],
         "Value": "Pika 53 19 left",
         "Delimiter": "/"
		},
		{
         "Operation": "Append",
         "Target": ["Entries", "Set-Up_additionalCharacters"],
         "Value": "Richard 35 4 down",
         "Delimiter": "/"
		},
		{
         "Operation": "Append",
         "Target": ["Entries", "Set-Up_additionalCharacters"],
         "Value": "Shiro 11 20 left",
         "Delimiter": "/"
		},
		{
         "Operation": "Append",
         "Target": ["Entries", "Set-Up_additionalCharacters"],
         "Value": "Trinnie 13 10 up",
         "Delimiter": "/"
		},
		{
         "Operation": "Append",
         "Target": ["Entries", "Set-Up_additionalCharacters"],
         "Value": "Ysabelle 19 16 down",
         "Delimiter": "/"
		},
		{
         "Operation": "Append",
         "Target": ["Entries", "Set-Up_additionalCharacters"],
         "Value": "Yuuma 11 21 left",
         "Delimiter": "/"
		},
	
   //MainEevent
		{
         "Operation": "Append",
         "Target": ["Entries", "MainEvent_additionalCharacters"],
         "Value": "Aguar 10 37 left",
         "Delimiter": "/"
		},
		{
         "Operation": "Append",
         "Target": ["Entries", "MainEvent_additionalCharacters"],
         "Value": "Alissa 25 13 left",
         "Delimiter": "/"
		},
		{
         "Operation": "Append",
         "Target": ["Entries", "MainEvent_additionalCharacters"],
         "Value": "Bert 23 9 right",
         "Delimiter": "/"
		},
		{
         "Operation": "Append",
         "Target": ["Entries", "MainEvent_additionalCharacters"],
         "Value": "Corine 18 17 right",
         "Delimiter": "/"
		},
		{
         "Operation": "Append",
         "Target": ["Entries", "MainEvent_additionalCharacters"],
         "Value": "Ezekiel 52 18 left",
         "Delimiter": "/"
		},
		{
         "Operation": "Append",
         "Target": ["Entries", "MainEvent_additionalCharacters"],
         "Value": "Flor 30 20 up",
         "Delimiter": "/"
		},
		{
         "Operation": "Append",
         "Target": ["Entries", "MainEvent_additionalCharacters"],
         "Value": "Freddie 19 12 right",
         "Delimiter": "/"
		},
		{
         "Operation": "Append",
         "Target": ["Entries", "MainEvent_additionalCharacters"],
         "Value": "Ian 35 36 down",
         "Delimiter": "/"
		},
		{
         "Operation": "Append",
         "Target": ["Entries", "MainEvent_additionalCharacters"],
         "Value": "Jeric 26 19 up",
         "Delimiter": "/"
		},
		{
         "Operation": "Append",
         "Target": ["Entries", "MainEvent_additionalCharacters"],
         "Value": "Keahi 13 8 down",
         "Delimiter": "/"
		},
		{
         "Operation": "Append",
         "Target": ["Entries", "MainEvent_additionalCharacters"],
         "Value": "Kenneth 22 6 right",
         "Delimiter": "/"
		},
		{
         "Operation": "Append",
         "Target": ["Entries", "MainEvent_additionalCharacters"],
         "Value": "Lenny 32 4 down",
         "Delimiter": "/"
		},
		{
         "Operation": "Append",
         "Target": ["Entries", "MainEvent_additionalCharacters"],
         "Value": "Lola 20 12 left",
         "Delimiter": "/"
		},
		{
         "Operation": "Append",
         "Target": ["Entries", "MainEvent_additionalCharacters"],
         "Value": "Maddie 32 19 up",
         "Delimiter": "/"
		},
		{
         "Operation": "Append",
         "Target": ["Entries", "MainEvent_additionalCharacters"],
         "Value": "Olga 24 9 left",
         "Delimiter": "/"
		},
		{
         "Operation": "Append",
         "Target": ["Entries", "MainEvent_additionalCharacters"],
         "Value": "Philip 14 16 down",
         "Delimiter": "/"
		},
		{
         "Operation": "Append",
         "Target": ["Entries", "MainEvent_additionalCharacters"],
         "Value": "Pika 53 19 left",
         "Delimiter": "/"
		},
		{
         "Operation": "Append",
         "Target": ["Entries", "MainEvent_additionalCharacters"],
         "Value": "Richard 35 4 down",
         "Delimiter": "/"
		},
		{
         "Operation": "Append",
         "Target": ["Entries", "MainEvent_additionalCharacters"],
         "Value": "Shiro 11 20 left",
         "Delimiter": "/"
		},
		{
         "Operation": "Append",
         "Target": ["Entries", "MainEvent_additionalCharacters"],
         "Value": "Trinnie 13 10 up",
         "Delimiter": "/"
		},
		{
         "Operation": "Append",
         "Target": ["Entries", "MainEvent_additionalCharacters"],
         "Value": "Ysabelle 19 16 down",
         "Delimiter": "/"
		},
		{
         "Operation": "Append",
         "Target": ["Entries", "MainEvent_additionalCharacters"],
         "Value": "Yuuma 11 21 left",
         "Delimiter": "/"
		},
	]	
	},
	
]
}
