{
"Changes": [

	{
   "Action": "EditData",
   "Target": "Data/Festivals/summer28",
   "TextOperations": [
   
   //SetUp
		{
         "Operation": "Append",
         "Target": ["Entries", "Set-Up_additionalCharacters"],
         "Value": "Aguar 87 8 down",
         "Delimiter": "/"
		},
		{
         "Operation": "Append",
         "Target": ["Entries", "Set-Up_additionalCharacters"],
         "Value": "Alissa 88 34 right",
         "Delimiter": "/"
		},
		{
         "Operation": "Append",
         "Target": ["Entries", "Set-Up_additionalCharacters"],
         "Value": "Bert 44 24 down",
         "Delimiter": "/"
		},
		{
         "Operation": "Append",
         "Target": ["Entries", "Set-Up_additionalCharacters"],
         "Value": "Corine 36 22 down",
         "Delimiter": "/"
		},
		{
         "Operation": "Append",
         "Target": ["Entries", "Set-Up_additionalCharacters"],
         "Value": "Ezekiel 35 22 down",
         "Delimiter": "/"
		},
		{
         "Operation": "Append",
         "Target": ["Entries", "Set-Up_additionalCharacters"],
         "Value": "Flor 39 33 down",
         "Delimiter": "/"
		},
		{
         "Operation": "Append",
         "Target": ["Entries", "Set-Up_additionalCharacters"],
         "Value": "Freddie 6 6 down",
         "Delimiter": "/"
		},
		{
         "Operation": "Append",
         "Target": ["Entries", "Set-Up_additionalCharacters"],
         "Value": "Ian 24 29 left",
         "Delimiter": "/"
		},
		{
         "Operation": "Append",
         "Target": ["Entries", "Set-Up_additionalCharacters"],
         "Value": "Jeric 63 21 down",
         "Delimiter": "/"
		},
		{
         "Operation": "Append",
         "Target": ["Entries", "Set-Up_additionalCharacters"],
         "Value": "Jio 67 6 down",
         "Delimiter": "/"
		},
		{
         "Operation": "Append",
         "Target": ["Entries", "Set-Up_additionalCharacters"],
         "Value": "Keahi 80 24 down",
         "Delimiter": "/"
		},
		{
         "Operation": "Append",
         "Target": ["Entries", "Set-Up_additionalCharacters"],
         "Value": "Kenneth 86 30 left",
         "Delimiter": "/"
		},
		{
         "Operation": "Append",
         "Target": ["Entries", "Set-Up_additionalCharacters"],
         "Value": "Kiwi 68 6 down",
         "Delimiter": "/"
		},
		{
         "Operation": "Append",
         "Target": ["Entries", "Set-Up_additionalCharacters"],
         "Value": "Lenny 9 13 left",
         "Delimiter": "/"
		},
		{
         "Operation": "Append",
         "Target": ["Entries", "Set-Up_additionalCharacters"],
         "Value": "Lola 7 6 down",
         "Delimiter": "/"
		},
		{
         "Operation": "Append",
         "Target": ["Entries", "Set-Up_additionalCharacters"],
         "Value": "Maddie 55 20 down",
         "Delimiter": "/"
		},
		{
         "Operation": "Append",
         "Target": ["Entries", "Set-Up_additionalCharacters"],
         "Value": "Olga 45 24 down",
         "Delimiter": "/"
		},
		{
         "Operation": "Append",
         "Target": ["Entries", "Set-Up_additionalCharacters"],
         "Value": "Philip 68 24 down",
         "Delimiter": "/"
		},
		{
         "Operation": "Append",
         "Target": ["Entries", "Set-Up_additionalCharacters"],
         "Value": "Pika 9 11 left",
         "Delimiter": "/"
		},
		{
         "Operation": "Append",
         "Target": ["Entries", "Set-Up_additionalCharacters"],
         "Value": "Richard 90 21 down",
         "Delimiter": "/"
		},
		{
         "Operation": "Append",
         "Target": ["Entries", "Set-Up_additionalCharacters"],
         "Value": "Shiro 65 22 down",
         "Delimiter": "/"
		},
		{
         "Operation": "Append",
         "Target": ["Entries", "Set-Up_additionalCharacters"],
         "Value": "Trinnie 81 24 down",
         "Delimiter": "/"
		},
		{
         "Operation": "Append",
         "Target": ["Entries", "Set-Up_additionalCharacters"],
         "Value": "Ysabelle 91 21 down",
         "Delimiter": "/"
		},
		{
         "Operation": "Append",
         "Target": ["Entries", "Set-Up_additionalCharacters"],
         "Value": "Yuuma 64 22 down",
         "Delimiter": "/"
		},
	]	
	},
	
]
}
