{
"Changes": [

	{
   "Action": "EditData",
   "Target": "Data/Festivals/fall16",
   "When": { "HasMod: |contains=FlashShifter.StardewValleyExpandedCP": false },
   "TextOperations": [
   
   //SetUp
		{
         "Operation": "Append",
         "Target": ["Entries", "Set-Up_additionalCharacters"],
         "Value": "Aguar 47 101 down",
         "Delimiter": "/"
		},
		{
         "Operation": "Append",
         "Target": ["Entries", "Set-Up_additionalCharacters"],
         "Value": "Alissa 33 66 right",
         "Delimiter": "/"
		},
		{
         "Operation": "Append",
         "Target": ["Entries", "Set-Up_additionalCharacters"],
         "Value": "Bert 14 53 up",
         "Delimiter": "/"
		},
		{
         "Operation": "Append",
         "Target": ["Entries", "Set-Up_additionalCharacters"],
         "Value": "Corine 18 65 right",
         "Delimiter": "/"
		},
		{
         "Operation": "Append",
         "Target": ["Entries", "Set-Up_additionalCharacters"],
         "Value": "Ezekiel 24 56 right",
         "Delimiter": "/"
		},
		{
         "Operation": "Append",
         "Target": ["Entries", "Set-Up_additionalCharacters"],
         "Value": "Flor 27 76 left",
         "Delimiter": "/"
		},
		{
         "Operation": "Append",
         "Target": ["Entries", "Set-Up_additionalCharacters"],
         "Value": "Freddie 21 35 down",
         "Delimiter": "/"
		},
		{
         "Operation": "Append",
         "Target": ["Entries", "Set-Up_additionalCharacters"],
         "Value": "Ian 17 73 down",
         "Delimiter": "/"
		},
		{
         "Operation": "Append",
         "Target": ["Entries", "Set-Up_additionalCharacters"],
         "Value": "Jeric 11 62 left",
         "Delimiter": "/"
		},
		{
         "Operation": "Append",
         "Target": ["Entries", "Set-Up_additionalCharacters"],
         "Value": "Jio 34 4 down",
         "Delimiter": "/"
		},
		{
         "Operation": "Append",
         "Target": ["Entries", "Set-Up_additionalCharacters"],
         "Value": "Keahi 34 77 left",
         "Delimiter": "/"
		},
		{
         "Operation": "Append",
         "Target": ["Entries", "Set-Up_additionalCharacters"],
         "Value": "Kenneth 22 49 up",
         "Delimiter": "/"
		},
		{
         "Operation": "Append",
         "Target": ["Entries", "Set-Up_additionalCharacters"],
         "Value": "Kiwi 33 4 down",
         "Delimiter": "/"
		},
		{
         "Operation": "Append",
         "Target": ["Entries", "Set-Up_additionalCharacters"],
         "Value": "Lenny 27 53 down",
         "Delimiter": "/"
		},
		{
         "Operation": "Append",
         "Target": ["Entries", "Set-Up_additionalCharacters"],
         "Value": "Lola 22 35 down",
         "Delimiter": "/"
		},
		{
         "Operation": "Append",
         "Target": ["Entries", "Set-Up_additionalCharacters"],
         "Value": "Maddie 27 38 up",
         "Delimiter": "/"
		},
		{
         "Operation": "Append",
         "Target": ["Entries", "Set-Up_additionalCharacters"],
         "Value": "Olga 27 60 right",
         "Delimiter": "/"
		},
		{
         "Operation": "Append",
         "Target": ["Entries", "Set-Up_additionalCharacters"],
         "Value": "Philip 24 65 up",
         "Delimiter": "/"
		},
		{
         "Operation": "Append",
         "Target": ["Entries", "Set-Up_additionalCharacters"],
         "Value": "Pika 32 34 up",
         "Delimiter": "/"
		},
		{
         "Operation": "Append",
         "Target": ["Entries", "Set-Up_additionalCharacters"],
         "Value": "Richard 23 53 down",
         "Delimiter": "/"
		},
		{
         "Operation": "Append",
         "Target": ["Entries", "Set-Up_additionalCharacters"],
         "Value": "Shiro 23 65 up",
         "Delimiter": "/"
		},
		{
         "Operation": "Append",
         "Target": ["Entries", "Set-Up_additionalCharacters"],
         "Value": "Trinnie 15 53 up",
         "Delimiter": "/"
		},
		{
         "Operation": "Append",
         "Target": ["Entries", "Set-Up_additionalCharacters"],
         "Value": "Ysabelle 19 64 down",
         "Delimiter": "/"
		},
		{
         "Operation": "Append",
         "Target": ["Entries", "Set-Up_additionalCharacters"],
         "Value": "Yuuma 32 77 right",
         "Delimiter": "/"
		},
	]	
	},
	
	{
   "Action": "EditData",
   "Target": "Data/Festivals/fall16",
   "When": { "HasMod: |contains=FlashShifter.StardewValleyExpandedCP": true },
   "TextOperations": [
   
   //SetUp
		{
         "Operation": "Append",
         "Target": ["Entries", "Set-Up_additionalCharacters"],
         "Value": "Aguar 47 101 down",
         "Delimiter": "/"
		},
		{
         "Operation": "Append",
         "Target": ["Entries", "Set-Up_additionalCharacters"],
         "Value": "Alissa 33 66 right",
         "Delimiter": "/"
		},
		{
         "Operation": "Append",
         "Target": ["Entries", "Set-Up_additionalCharacters"],
         "Value": "Bert 14 53 up",
         "Delimiter": "/"
		},
		{
         "Operation": "Append",
         "Target": ["Entries", "Set-Up_additionalCharacters"],
         "Value": "Corine 18 65 right",
         "Delimiter": "/"
		},
		{
         "Operation": "Append",
         "Target": ["Entries", "Set-Up_additionalCharacters"],
         "Value": "Ezekiel 24 56 right",
         "Delimiter": "/"
		},
		{
         "Operation": "Append",
         "Target": ["Entries", "Set-Up_additionalCharacters"],
         "Value": "Flor 27 76 left",
         "Delimiter": "/"
		},
		{
         "Operation": "Append",
         "Target": ["Entries", "Set-Up_additionalCharacters"],
         "Value": "Freddie 20 27 down",
         "Delimiter": "/"
		},
		{
         "Operation": "Append",
         "Target": ["Entries", "Set-Up_additionalCharacters"],
         "Value": "Ian 17 73 down",
         "Delimiter": "/"
		},
		{
         "Operation": "Append",
         "Target": ["Entries", "Set-Up_additionalCharacters"],
         "Value": "Jeric 11 62 right",
         "Delimiter": "/"
		},
		{
         "Operation": "Append",
         "Target": ["Entries", "Set-Up_additionalCharacters"],
         "Value": "Jio 34 4 down",
         "Delimiter": "/"
		},
		{
         "Operation": "Append",
         "Target": ["Entries", "Set-Up_additionalCharacters"],
         "Value": "Keahi 36 78 up",
         "Delimiter": "/"
		},
		{
         "Operation": "Append",
         "Target": ["Entries", "Set-Up_additionalCharacters"],
         "Value": "Kenneth 22 49 up",
         "Delimiter": "/"
		},
		{
         "Operation": "Append",
         "Target": ["Entries", "Set-Up_additionalCharacters"],
         "Value": "Kiwi 33 4 down",
         "Delimiter": "/"
		},
		{
         "Operation": "Append",
         "Target": ["Entries", "Set-Up_additionalCharacters"],
         "Value": "Lenny 27 53 down",
         "Delimiter": "/"
		},
		{
         "Operation": "Append",
         "Target": ["Entries", "Set-Up_additionalCharacters"],
         "Value": "Lola 21 27 down",
         "Delimiter": "/"
		},
		{
         "Operation": "Append",
         "Target": ["Entries", "Set-Up_additionalCharacters"],
         "Value": "Maddie 24 29 up",
         "Delimiter": "/"
		},
		{
         "Operation": "Append",
         "Target": ["Entries", "Set-Up_additionalCharacters"],
         "Value": "Olga 27 60 right",
         "Delimiter": "/"
		},
		{
         "Operation": "Append",
         "Target": ["Entries", "Set-Up_additionalCharacters"],
         "Value": "Philip 24 65 up",
         "Delimiter": "/"
		},
		{
         "Operation": "Append",
         "Target": ["Entries", "Set-Up_additionalCharacters"],
         "Value": "Pika 25 23 up",
         "Delimiter": "/"
		},
		{
         "Operation": "Append",
         "Target": ["Entries", "Set-Up_additionalCharacters"],
         "Value": "Richard 23 53 down",
         "Delimiter": "/"
		},
		{
         "Operation": "Append",
         "Target": ["Entries", "Set-Up_additionalCharacters"],
         "Value": "Shiro 23 65 up",
         "Delimiter": "/"
		},
		{
         "Operation": "Append",
         "Target": ["Entries", "Set-Up_additionalCharacters"],
         "Value": "Trinnie 15 53 up",
         "Delimiter": "/"
		},
		{
         "Operation": "Append",
         "Target": ["Entries", "Set-Up_additionalCharacters"],
         "Value": "Ysabelle 19 64 down",
         "Delimiter": "/"
		},
		{
         "Operation": "Append",
         "Target": ["Entries", "Set-Up_additionalCharacters"],
         "Value": "Yuuma 34 77 right",
         "Delimiter": "/"
		},
	]	
	},
	
]
}
