{

	"spring": "900 ShiroHouse 22 12 0 square_3_1_0/1400 Hospital 13 17 1/1600 ShiroHouse 3 5 0/2000 ShiroHouse 14 5 0 yuuma_sleep",
	"summer": "900 ShiroHouse 22 12 0 square_3_1_0/1400 LennyHouse 7 9 1/1600 ShiroHouse 3 5 0/2000 ShiroHouse 14 5 0 yuuma_sleep",
	"fall": "900 ShiroHouse 22 12 0 square_3_1_0/1400 Blacksmith 2 16 1/1600 ShiroHouse 3 5 0/2000 ShiroHouse 14 5 0 yuuma_sleep",
	"winter": "900 ShiroHouse 22 12 0 square_3_1_0/1400 AnimalShop 11 17 1/1600 ShiroHouse 3 5 0/2000 ShiroHouse 14 5 0 yuuma_sleep",
	"rain": "700 ShiroHouse 3 5 0/1000 LogCabinHotelLobby 14 15 0/1600 ShiroHouse 3 5 0/2000 ShiroHouse 14 5 0 yuuma_sleep",
	"Fri": "610 Town 105 90 0 yuuma_read/1100 ArchaeologyHouse 12 12 yuuma_read/1400 Hospital 13 17 1/1600 ShiroHouse 3 5 0/2000 ShiroHouse 14 5 0 yuuma_sleep",
	"Mon": "900 ShiroHouse 22 12 0 square_3_1_0/1030 BusStop 7 22 3/1200 Town 16 53 3/1400 Town 27 30 0/1500 Town 60 28 0/1600 Town 42 80 1/1800 ShiroHouse 3 5 0/2000 ShiroHouse 14 5 0 yuuma_sleep",
	
}