{
	"Name": "Fried Fish a la Ridge",
	"Description": "A Pika special fried fish! The rich umami flavor is paired with the crispy and salty breading.",
	"Category": "Cooking",
	"Edibility": 60,
	"EdibleIsDrink": false,
	"EdibleBuffs": {
    "Farming": 0,
    "Fishing": 10,
    "Mining": 0,
    "Luck": 1,
	"Foraging": 0,
	"MaxStamina": 0,
    "MagnetRadius": 0,
	"Speed": 0,
	"Defense": 0,
	"Attack": 0,
    "Duration": 300,
	},
	"Price": 430,
	"IsColored": false,
	"GiftTastes":
	{
		"Love": ["Philip", "Ian"],
	},

	"NameLocalization":
	{
		//
	},
	"DescriptionLocalization":
	{
		//
	},
}