{
"Changes": [
	
//-------------------------
// D I S P O S I T I O N S 
//-------------------------

	{
		"LogName": "NPC Dispositions",
		"Action": "EditData",
		"Target": "Data/NPCDispositions",
		"Entries": {
		
			"Aguar": "adult/rude/neutral/negative/male/not-datable/null/Town/summer 27//Custom_Ridgeside_AguarBasement 2 8/{{i18n:Name.Aguar}}",
			"Alissa": "teen/polite/shy/neutral/female/datable/null/Town/spring 5/Bert 'uncle' Olga 'aunt' Trinnie 'cousin_Trinnie'/Custom_Ridgeside_AlissaHouse 11 5/{{i18n:Name.Alissa}}",
			"Bert": "adult/neutral/neutral/neutral/male/non-datable/null/Town/spring 28/Olga 'wife' Trinnie 'daughter' Alissa 'niece Alissa'/Custom_Ridgeside_BertHouse2ndFloor 2 5/{{i18n:Name.Bert}}",
			"Corine": "teen/polite/outgoing/positive/female/datable/null/Town/fall 26/Ezekiel 'dad'/Custom_Ridgeside_EzekielHouse 31 5/{{i18n:Name.Corine}}",
			"Ezekiel": "adult/rude/outgoing/positive/male/not-datable/null/Town/spring 12/Corine 'daughter'/Custom_Ridgeside_EzekielHouse 4 5/{{i18n:Name.Ezekiel}}",
			"Flor": "teen/neutral/shy/negative/female/datable/null/Town/summer 14//Custom_Ridgeside_LogCabinHotel2ndFloor 3 5/{{i18n:Name.Flor}}",
			"Freddie": "adult/polite/outgoing/positive/male/non-datable/null/Town/winter 18/Lola 'wife'/Custom_Ridgeside_FreddieHouse 3 5/{{i18n:Name.Freddie}}",
			"Ian": "teen/polite/shy/positive/male/datable/null/Town/fall 14//Custom_Ridgeside_IanHouse 17 9/{{i18n:Name.Ian}}",
			"Jeric": "teen/polite/neutral/neutral/male/datable/null/Town/winter 2//Custom_Ridgeside_JericHouse 18 5/{{i18n:Name.Jeric}}",
			"Jio": "teen/neutral/neutral/neutral/male/non-datable/null/Other/null//Custom_Ridgeside_RSVNinjaHouse 14 5/{{i18n:Name.Jio}}",
			"Keahi": "child/polite/outgoing/positive/male/non-datable/null/Town/winter 11/Pika 'dad'/Custom_Ridgeside_PikaHouse 26 5/{{i18n:Name.Keahi}}",
			"Kenneth": "teen/neutral/neutral/neutral/male/datable/null/Town/summer 18//Custom_Ridgeside_KennethHouse 16 5/{{i18n:Name.Kenneth}}",
			"Kiwi": "child/rude/outgoing/negative/female/non-datable/null/Other/null//Custom_Ridgeside_RSVHiddenWarp 10 1/{{i18n:Name.Kiwi}}",
			"Lenny": "adult/polite/outgoing/positive/female/non-datable/null/Town/summer 16/Lewis 'brother'/Custom_Ridgeside_LennyHouse 21 5/{{i18n:Name.Lenny}}",
			"Lola": "adult/polite/neutral/neutral/female/non-datable/null/Town/summer 2/Freddie 'husband'/Custom_Ridgeside_FreddieHouse 4 5/{{i18n:Name.Lola}}",
			"Maddie": "teen/rude/neutral/neutral/female/datable/null/Town/fall 23//Custom_Ridgeside_MaddieHouse 20 5/{{i18n:Name.Maddie}}",
			"Olga": "adult/polite/neutral/positive/female/non-datable/null/Town/summer 9/Bert 'husband' Trinnie 'daughter' Alissa 'daughter'/Custom_Ridgeside_BertHouse2ndFloor 3 5/{{i18n:Name.Olga}}",
			"Philip": "teen/polite/outgoing/positive/male/datable/null/Town/spring 17//Custom_Ridgeside_LogCabinHotel2ndFloor 13 22/{{i18n:Name.Philip}}",
			"Pika": "adult/polite/outgoing/neutral/male/non-datable/null/Town/winter 21/Keahi 'son'/Custom_Ridgeside_PikaHouse 18 5/{{i18n:Name.Pika}}",
			"Richard": "adult/neutral/neutral/neutral/male/non-datable/null/Town/fall 3/Ysabelle 'granddaughter'/Custom_Ridgeside_LogCabinHotel3rdFloor 3 12/{{i18n:Name.Richard}}",
			"Shiro": "teen/rude/shy/negative/male/datable/null/Town/winter 28/Yuuma 'brother'/Custom_Ridgeside_ShiroHouse 10 5/{{i18n:Name.Shiro}}",
			"Trinnie": "child/polite/outgoing/negative/female/non-datable/null/Town/spring 16/Bert 'dad' Olga 'mom' Alissa 'sister'/Custom_Ridgeside_BertHouse2ndFloor 18 5/{{i18n:Name.Trinnie}}",
			"Ysabelle": "teen/rude/outgoing/positive/female/datable/null/Town/spring 11/Richard 'grandfather'/Custom_Ridgeside_LogCabinHotel2ndFloor 14 5/{{i18n:Name.Ysabelle}}",
			"Yuuma": "child/neutral/neutral/neutral/male/non-datable/null/Town/fall 4/Shiro 'brother'/Custom_Ridgeside_ShiroHouse 14 5/{{i18n:Name.Yuuma}}",
			"Undreya": "child/neutral/neutral/neutral/female/non-datable/null/Other/null//Custom_Ridgeside_RSVAbandonedHouse 5 5/{{i18n:Name.Undreya}}",
			"Helen": "adult/neutral/neutral/neutral/female/non-datable/null/Other/null/Ezekiel 'husband' Corine 'daughter'/Custom_Ridgeside_RSVHiddenWarp2 5 5/{{i18n:Name.Helen}}",
			
		},
	},

//------------------------
// G I F T S              
//------------------------

	{
		"LogName": "Gift tastes",
		"Action": "EditData",
		"Target": "Data/NPCGiftTastes",
		"Entries": {
		
			"Aguar": "{{i18n:Gift.Love.Aguar}}/62 225 107 118/{{i18n:Gift.Like.Aguar}}/768 769 130 258/{{i18n:Gift.Dislike.Aguar}}/266/{{i18n:Gift.Hate.Aguar}}/82/{{i18n:Gift.Neutral.Aguar}}/-4/ ",

			"Alissa": "{{i18n:Gift.Love.Alissa}}/211 276 60 398/{{i18n:Gift.Like.Alissa}}/22 68 400 613/{{i18n:Gift.Dislike.Alissa}}//{{i18n:Gift.Hate.Alissa}}//{{i18n:Gift.Neutral.Alissa}}/-4/ ",

			"Bert": "{{i18n:Gift.Love.Bert}}/207 336 72 645/{{i18n:Gift.Like.Bert}}/86 284 270 280/{{i18n:Gift.Dislike.Bert}}//{{i18n:Gift.Hate.Bert}}//{{i18n:Gift.Neutral.Bert}}/-4/ ",
			
			"Corine": "{{i18n:Gift.Love.Corine}}/591 227 196 340/{{i18n:Gift.Like.Corine}}/280 398 638 254/{{i18n:Gift.Dislike.Corine}}//{{i18n:Gift.Hate.Corine}}//{{i18n:Gift.Neutral.Corine}}/-4/ ",
			
			"Ezekiel": "{{i18n:Gift.Love.Ezekiel}}/198 386 190 129/{{i18n:Gift.Like.Ezekiel}}/78 403 24 192/{{i18n:Gift.Dislike.Ezekiel}}//{{i18n:Gift.Hate.Ezekiel}}//{{i18n:Gift.Neutral.Ezekiel}}/-4/ ",
				
			"Flor": "{{i18n:Gift.Love.Flor}}/253 64 268 233/{{i18n:Gift.Like.Flor}}/260 412 22 418/{{i18n:Gift.Dislike.Flor}}//{{i18n:Gift.Hate.Flor}}//{{i18n:Gift.Neutral.Flor}}/-4/ ",
			
			"Freddie": "{{i18n:Gift.Love.Freddie}}/236 278 86 20/{{i18n:Gift.Like.Freddie}}/380 396 348 252/{{i18n:Gift.Dislike.Freddie}}//{{i18n:Gift.Hate.Freddie}}//{{i18n:Gift.Neutral.Freddie}}/-4/ ",
			
			"Ian": "{{i18n:Gift.Love.Ian}}/233 213 272 400/{{i18n:Gift.Like.Ian}}/403 24 812 397/{{i18n:Gift.Dislike.Ian}}//{{i18n:Gift.Hate.Ian}}//{{i18n:Gift.Neutral.Ian}}/-4/ ",
			
			"Jeric": "{{i18n:Gift.Love.Jeric}}/637 224 444 597/{{i18n:Gift.Like.Jeric}}/20 335 266 408/{{i18n:Gift.Dislike.Jeric}}//{{i18n:Gift.Hate.Jeric}}//{{i18n:Gift.Neutral.Jeric}}/-4/ ",
			
			"Jio": "{{i18n:Gift.Love.Jio}}/604/{{i18n:Gift.Like.Jio}}/406/{{i18n:Gift.Dislike.Jio}}//{{i18n:Gift.Hate.Jio}}//{{i18n:Gift.Neutral.Jio}}/-4/ ",
			
			"Keahi": "{{i18n:Gift.Love.Keahi}}/223 224 372 282/{{i18n:Gift.Like.Keahi}}/396 404 567 430/{{i18n:Gift.Dislike.Keahi}}//{{i18n:Gift.Hate.Keahi}}//{{i18n:Gift.Neutral.Keahi}}/-4/ ",
			
			"Kenneth": "{{i18n:Gift.Love.Kenneth}}/206 400 338 576/{{i18n:Gift.Like.Kenneth}}/90 184 395 538/{{i18n:Gift.Dislike.Kenneth}}//{{i18n:Gift.Hate.Kenneth}}//{{i18n:Gift.Neutral.Kenneth}}/-4/ ",
			
			"Kiwi": "{{i18n:Gift.Love.Kiwi}}/268/{{i18n:Gift.Like.Kiwi}}/-4/{{i18n:Gift.Dislike.Kiwi}}//{{i18n:Gift.Hate.Kiwi}}//{{i18n:Gift.Neutral.Kiwi}}// ",
			
			"Lenny": "{{i18n:Gift.Love.Lenny}}/235 260 416 573/{{i18n:Gift.Like.Lenny}}/400 376 264 196/{{i18n:Gift.Dislike.Lenny}}//{{i18n:Gift.Hate.Lenny}}//{{i18n:Gift.Neutral.Lenny}}/-4/ ",
			
			"Lola": "{{i18n:Gift.Love.Lola}}/230 64 241 306/{{i18n:Gift.Like.Lola}}/769 107 454 575/{{i18n:Gift.Dislike.Lola}}//{{i18n:Gift.Hate.Lola}}//{{i18n:Gift.Neutral.Lola}}/-4/ ",
			
			"Maddie": "{{i18n:Gift.Love.Maddie}}/196 611 393 586/{{i18n:Gift.Like.Maddie}}/82 418 283 284/{{i18n:Gift.Dislike.Maddie}}//{{i18n:Gift.Hate.Maddie}}//{{i18n:Gift.Neutral.Maddie}}/-4/ ",
			
			"Olga": "{{i18n:Gift.Love.Olga}}/212 348 376 188/{{i18n:Gift.Like.Olga}}/184 22 281 402/{{i18n:Gift.Dislike.Olga}}//{{i18n:Gift.Hate.Olga}}//{{i18n:Gift.Neutral.Olga}}/-4/ ",
			
			"Philip": "{{i18n:Gift.Love.Philip}}/219 86 264 591/{{i18n:Gift.Like.Philip}}/80 223 350 157/{{i18n:Gift.Dislike.Philip}}//{{i18n:Gift.Hate.Philip}}//{{i18n:Gift.Neutral.Philip}}/-4/ ",
			
			"Pika": "{{i18n:Gift.Love.Pika}}/733 60 342 350/{{i18n:Gift.Like.Pika}}/157 346 419 246/{{i18n:Gift.Dislike.Pika}}//{{i18n:Gift.Hate.Pika}}//{{i18n:Gift.Neutral.Pika}}/-4/ ",
			
			"Richard": "{{i18n:Gift.Love.Richard}}/72 218 348 604/{{i18n:Gift.Like.Richard}}/386 86 552 303/{{i18n:Gift.Dislike.Richard}}//{{i18n:Gift.Hate.Richard}}//{{i18n:Gift.Neutral.Richard}}/-4/ ",
			
			"Shiro": "{{i18n:Gift.Love.Shiro}}/414 241 610 420/{{i18n:Gift.Like.Shiro}}/424 190 399 304/{{i18n:Gift.Dislike.Shiro}}//{{i18n:Gift.Hate.Shiro}}//{{i18n:Gift.Neutral.Shiro}}/-4/ ",
			
			"Trinnie": "{{i18n:Gift.Love.Trinnie}}/233 797 211 221/{{i18n:Gift.Like.Trinnie}}/591 22 428 400/{{i18n:Gift.Dislike.Trinnie}}//{{i18n:Gift.Hate.Trinnie}}//{{i18n:Gift.Neutral.Trinnie}}/-4/ ",
			
			"Ysabelle": "{{i18n:Gift.Love.Ysabelle}}/72 228 268 636/{{i18n:Gift.Like.Ysabelle}}/348 340 421 258/{{i18n:Gift.Dislike.Ysabelle}}//{{i18n:Gift.Hate.Ysabelle}}//{{i18n:Gift.Neutral.Ysabelle}}/-4/ ",
		
			"Yuuma": "{{i18n:Gift.Love.Yuuma}}/194 613 398 216/{{i18n:Gift.Like.Yuuma}}/167 176 92 311/{{i18n:Gift.Dislike.Yuuma}}//{{i18n:Gift.Hate.Yuuma}}//{{i18n:Gift.Neutral.Yuuma}}/-4/ ",

		},
	},

//------------------------
// P O R T R A I T S      
//------------------------

	{
		"LogName": "Portraits",
		"Action": "Load",
		"Target": "Portraits/Aguar, Portraits/Alissa, Portraits/Bert, Portraits/Corine, Portraits/Ezekiel, Portraits/Flor, Portraits/Freddie, Portraits/Ian, Portraits/Jeric, Portraits/Jio, Portraits/Keahi, Portraits/Kenneth, Portraits/Kiwi, Portraits/Lenny, Portraits/Lola, Portraits/Maddie, Portraits/Olga, Portraits/Philip, Portraits/Pika, Portraits/Richard, Portraits/Shiro, Portraits/Trinnie, Portraits/Ysabelle, Portraits/Yuuma, Portraits/Undreya, Portraits/Helen",
		"FromFile": "Assets/Portraits/{{TargetWithoutPath}}.png"
	},
	
	{
		"LogName": "Beach Portraits",
		"Action": "Load",
		"Target": "Portraits/Aguar_Beach, Portraits/Alissa_Beach, Portraits/Bert_Beach, Portraits/Corine_Beach, Portraits/Ezekiel_Beach, Portraits/Flor_Beach, Portraits/Freddie_Beach, Portraits/Ian_Beach, Portraits/Jeric_Beach, Portraits/Jio_Beach, Portraits/Keahi_Beach, Portraits/Kenneth_Beach, Portraits/Kiwi_Beach, Portraits/Lenny_Beach, Portraits/Lola_Beach, Portraits/Maddie_Beach, Portraits/Olga_Beach, Portraits/Philip_Beach, Portraits/Pika_Beach, Portraits/Richard_Beach, Portraits/Shiro_Beach, Portraits/Trinnie_Beach, Portraits/Ysabelle_Beach, Portraits/Yuuma_Beach, Portraits/Undreya_Beach, Portraits/Helen_Beach",
		"FromFile": "Assets/BeachPortraits/{{TargetWithoutPath}}.png"
	},
	

//------------------------
// S P R I T E S          
//------------------------

	{
		"LogName": "Sprites",
		"Action": "Load",
		"Target": "Characters/Aguar, Characters/Alissa, Characters/Bert, Characters/Corine, Characters/Ezekiel, Characters/Flor, Characters/Freddie, Characters/Ian, Characters/Jeric, Characters/Jio, Characters/Keahi, Characters/Kenneth, Characters/Kiwi, Characters/Lenny, Characters/Lola, Characters/Maddie, Characters/Olga, Characters/Philip, Characters/Pika, Characters/Richard, Characters/Shiro, Characters/Trinnie, Characters/Ysabelle, Characters/Yuuma, Characters/Undreya, Characters/Helen",
		"FromFile": "Assets/{{Target}}.png"
	},
	
	{
		"LogName": "Beach Sprites",
		"Action": "Load",
		"Target": "Characters/Aguar_Beach, Characters/Alissa_Beach, Characters/Bert_Beach, Characters/Corine_Beach, Characters/Ezekiel_Beach, Characters/Flor_Beach, Characters/Freddie_Beach, Characters/Ian_Beach, Characters/Jeric_Beach, Characters/Jio_Beach, Characters/Keahi_Beach, Characters/Kenneth_Beach, Characters/Kiwi_Beach, Characters/Lenny_Beach, Characters/Lola_Beach, Characters/Maddie_Beach, Characters/Olga_Beach, Characters/Philip_Beach, Characters/Pika_Beach, Characters/Richard_Beach, Characters/Shiro_Beach, Characters/Trinnie_Beach, Characters/Ysabelle_Beach, Characters/Yuuma_Beach, Characters/Undreya_Beach, Characters/Helen_Beach",
		"FromFile": "Assets/BeachCharacters/{{TargetWithoutPath}}.png"
	},
	

//------------------------
// M I S C                
//------------------------
	
	{
		"LogName": "Corine Ninja Outfit Portrait",
		"Action": "EditImage",
		"Target": "Portraits/Corine",
		"FromFile": "Assets/Portraits/{{TargetWithoutPath}}_Ninja.png",
		"Update": "OnLocationChange",
		"When": {
			"HasSeenEvent: hostPlayer": 75160125,
			"LocationName": "RidgesideVillage, Ridge, Farm, FarmHouse",
			"DayOfWeek": "Thursday",
		},
	},
	{
		"LogName": "Corine Ninja Outfit Sprite",
		"Action": "EditImage",
		"Target": "Characters/Corine",
		"FromFile": "Assets/{{Target}}_Ninja.png",
		"Update": "OnLocationChange",
		"When": {
			"HasSeenEvent: hostPlayer": 75160125,
			"LocationName": "RidgesideVillage, Ridge, Farm, FarmHouse",
			"DayOfWeek": "Thursday",
		},
	},
		
	
//------------------------
// D I A L O G U E S      
//------------------------

	{
		"LogName": "Dialogue",
		"Action": "Load",
		"Target": "Characters/Dialogue/Aguar, Characters/Dialogue/Alissa, Characters/Dialogue/Bert, Characters/Dialogue/Corine, Characters/Dialogue/Ezekiel, Characters/Dialogue/Flor, Characters/Dialogue/Freddie, Characters/Dialogue/Ian, Characters/Dialogue/Jeric, Characters/Dialogue/Jio, Characters/Dialogue/Keahi, Characters/Dialogue/Kenneth, Characters/Dialogue/Kiwi, Characters/Dialogue/Lenny, Characters/Dialogue/Lola, Characters/Dialogue/Maddie, Characters/Dialogue/Olga, Characters/Dialogue/Philip, Characters/Dialogue/Pika, Characters/Dialogue/Richard, Characters/Dialogue/Shiro, Characters/Dialogue/Trinnie, Characters/Dialogue/Ysabelle, Characters/Dialogue/Yuuma, Characters/Dialogue/Undreya, Characters/Dialogue/Helen",
		"FromFile": "Assets/Dialogue/{{Language}}/{{TargetWithoutPath}}.json",
		"When": { "HasFile:{{FromFile}}":true }
	},
	
//------------------------
// S C H E D U L E S      
//------------------------

//Year 1 Schedules
	{
		"LogName": "Schedules",
		"Action": "Load",
		"Target": "Characters/schedules/Aguar, Characters/schedules/Alissa, Characters/schedules/Bert, Characters/schedules/Corine, Characters/schedules/Ezekiel, Characters/schedules/Flor, Characters/schedules/Freddie, Characters/schedules/Ian, Characters/schedules/Jeric, Characters/schedules/Jio, Characters/schedules/Keahi, Characters/schedules/Kenneth, Characters/schedules/Lenny, Characters/schedules/Lola, Characters/schedules/Maddie, Characters/schedules/Olga, Characters/schedules/Philip, Characters/schedules/Pika, Characters/schedules/Richard, Characters/schedules/Shiro, Characters/schedules/Trinnie, Characters/schedules/Ysabelle, Characters/schedules/Yuuma, Characters/schedules/Undreya, Characters/schedules/Helen",
		"FromFile": "Assets/Schedules/{{TargetWithoutPath}}.json",
	    "When": {
        "Year": "1"
    	},		
	},

//Year 2 Schedules
	{
		"LogName": "Schedules",
		"Action": "Load",
		"Target": "Characters/schedules/Aguar, Characters/schedules/Alissa, Characters/schedules/Bert, Characters/schedules/Corine, Characters/schedules/Ezekiel, Characters/schedules/Flor, Characters/schedules/Freddie, Characters/schedules/Ian, Characters/schedules/Jeric, Characters/schedules/Jio, Characters/schedules/Keahi, Characters/schedules/Kenneth, Characters/schedules/Lenny, Characters/schedules/Lola, Characters/schedules/Maddie, Characters/schedules/Olga, Characters/schedules/Philip, Characters/schedules/Pika, Characters/schedules/Richard, Characters/schedules/Shiro, Characters/schedules/Trinnie, Characters/schedules/Ysabelle, Characters/schedules/Yuuma, Characters/schedules/Undreya, Characters/schedules/Helen",
		"FromFile": "Assets/Schedules/year_2/{{TargetWithoutPath}}.json",
	    "When": {
        "Year": "2"
    	},
	},	

//Schedule Mod Compat Map Patches
	{
		"LogName": "Karmylla's Map Patch - Flor",
		"Action": "EditData",
		"Target": "Characters/schedules/Flor",
		"Entries": { "Tue": "610 Town 103 90 2/1100 ArchaeologyHouse 11 10 2 flor_read/1400 Town 89 100 3/1600 Custom_Ridgeside_LogCabinHotel2ndFloor 2 9 1/2200 Custom_Ridgeside_LogCabinHotel2ndFloor 3 5 0 flor_sleep", },
		"When": { "HasMod: |contains=Karmylla.ImmersiveMaps": true, },
	},
	
	{
		"LogName": "Karmylla's Map Patch - Keahi",
		"Action": "EditData",
		"Target": "Characters/schedules/Keahi",
		"Entries": { "Tue": "610 Town 103 92 2 square_2_2_2/1100 ArchaeologyHouse 15 11 1/1130 ArchaeologyHouse 14 11 3 keahi_read/1400 Town 86 98 2 square_2_2_2/1600 Custom_Ridgeside_RidgesideVillage 76 60 2 square_1_2_2/1800 Custom_Ridgeside_PikaHouse 7 10 3/2200 Custom_Ridgeside_PikaHouse 26 5 0 keahi_sleep", },
		"When": { "HasMod: |contains=Karmylla.ImmersiveMaps": true, },
	},
	
	{
		"LogName": "Kenneth SVE Schedule",
		"Action": "EditData",
		"Target": "Characters/schedules/Kenneth",
		"Entries": {
			"spring": "700 Town 24 54 0 kenneth_fixback/900 Town 25 61 3 kenneth_fixleft/930 Town 33 57 0 kenneth_fixback/1000 Town 37 67 1 kenneth_fixright/1030 Town 30 74 2 kenneth_fixfront/1100 Town 27 74 2 kenneth_fixfront/1130 Town 21 67 3 kenneth_fixleft/1200 Custom_Ridgeside_RidgesideVillage 80 38 3/1400 Custom_Ridgeside_RidgesideVillage 89 38 1/1800 Custom_Ridgeside_KennethHouse 5 8 3/2200 Custom_Ridgeside_KennethHouse 16 5 1 kenneth_sleep",
			"summer": "700 Town 24 54 0 kenneth_fixback/900 Town 25 61 3 kenneth_fixleft/930 Town 33 57 0 kenneth_fixback/1000 Town 37 67 1 kenneth_fixright/1030 Town 30 74 2 kenneth_fixfront/1100 Town 27 74 2 kenneth_fixfront/1130 Town 21 67 3 kenneth_fixleft/1200 Custom_Ridgeside_RidgesideVillage 84 61 2/1800 Custom_Ridgeside_KennethHouse 5 8 3/2200 Custom_Ridgeside_KennethHouse 16 5 1 kenneth_sleep",
			"fall": "700 Town 24 54 0 kenneth_fixback/900 Town 25 61 3 kenneth_fixleft/930 Town 33 57 0 kenneth_fixback/1000 Town 37 67 1 kenneth_fixright/1030 Town 30 74 2 kenneth_fixfront/1100 Town 27 74 2 kenneth_fixfront/1130 Town 21 67 3 kenneth_fixleft/1200 ScienceHouse 2 22 1/1500 Mountain 20 26 2/1800 Custom_Ridgeside_KennethHouse 5 8 3/2200 Custom_Ridgeside_KennethHouse 16 5 1 kenneth_sleep",
			"winter": "700 Town 24 54 0 kenneth_fixback/900 Town 25 61 3 kenneth_fixleft/930 Town 33 57 0 kenneth_fixback/1000 Town 37 67 1 kenneth_fixright/1030 Town 30 74 2 kenneth_fixfront/1100 Town 27 74 2 kenneth_fixfront/1130 Town 21 67 3 kenneth_fixleft/1200 Mountain 30 21 0/1800 Custom_Ridgeside_KennethHouse 5 8 3/2200 Custom_Ridgeside_KennethHouse 16 5 1 kenneth_sleep",
			"marriage_Mon": "700 Town 24 54 0 kenneth_fixback/900 Town 25 61 3 kenneth_fixleft/930 Town 33 57 0 kenneth_fixback/1000 Town 37 67 1 kenneth_fixright/1030 Town 30 74 2 kenneth_fixfront/1100 Town 27 74 2 kenneth_fixfront/1130 Town 21 67 3 kenneth_fixleft/1200 Custom_Ridgeside_RidgesideVillage 80 38 3/1400 Custom_Ridgeside_RidgesideVillage 89 38 1/2200 BusStop -1 23 3",
		},
		"When": { "HasMod: |contains=FlashShifter.StardewValleyExpandedCP": true, },
	},
]
}
